Id,Character,JlptLevel,Meaning,StrokeCount,Freq,AllRebs
2231,日,N5,"NHẬT, NHỰT",4,1," ジュウ ニュウ | にじゅう"
147,一,N5,NHẤT,1,2," キ | いそ"
998,国,N5,QUỐC,8,3," コク | つ.げる"
340,会,N4,"HỘI, CỐI",6,4," カイ"
1526,人,N5,NHÂN,2,5," シン | ふる.う ふる.える"
2247,年,N5,NIÊN,6,6," ネツ | あつ.い"
1834,大,N5,"ĐẠI, THÁI",3,7," ダイ タイ | うてな われ つかさ"
1322,十,N5,THẬP,2,8," ジュウ | あ.てる み.たす"
2222,二,N5,NHỊ,2,9," ジョ | なんじ なれ い うぬ いまし し しゃ な なむち まし みまし"
2668,本,N5,"BỔN, BẢN",5,10," ホン | はし.る"
1927,中,N5,"TRUNG, TRÚNG",4,11," チャク ジャク | き.る -ぎ き.せる -き.せ つ.く つ.ける"
1976,長,N5,"TRƯỜNG, TRƯỞNG, TRƯỚNG",8,12," チョウ ヨウ | なべ"
1341,出,N5,"XUẤT, XÚY",5,13," ジュク | う.れる"
1121,三,N5,"TAM, TÁM",3,14," サイ シ | さら.す さらし"
2156,同,N4,ĐỒNG,6,15," ドウ | うご.く うご.かす"
1199,時,N5,"THÌ, THỜI",10,16," ジ | も.つ -も.ち も.てる"
1590,政,N3,"CHÁNH, CHÍNH",9,17," セイ ジョウ | な.る な.す -な.す"
1191,事,N4,SỰ,8,18," シ | よわい は よわ.い よわい.する"
1210,自,N4,TỰ,6,19," ジ | みみ"
969,行,N5,"HÀNH, HẠNH, HÀNG, HẠNG",6,20," コウ | あら.い あら- あ.れる あ.らす -あ.らし すさ.む"
1249,社,N4,XÃ,7,21," シャ | に.る -に に.える に.やす"
834,見,N5,"KIẾN, HIỆN",7,22," ケン | かた"
807,月,N5,NGUYỆT,4,23," ケツ | わかれ わかれ.る"
2526,分,N4,"PHÂN, PHẬN",4,24," ホ フ ブ | ふな"
577,議,N3,NGHỊ,20,25," ギ | よしみ よい"
892,後,N5,"HẬU, HẤU",9,26," ゴ"
1685,前,N5,TIỀN,9,27," セン | あざ.やか"
2719,民,N3,DÂN,5,28," ミリ ミリメートル"
1599,生,N5,"SANH, SINH",5,29," セイ"
2981,連,N3,LIÊN,10,30," レン | はす はちす"
885,五,N5,NGŨ,4,31," コ | つづみ"
2341,発,N4,PHÁT,9,32," ハツ | も.る とびち.る そそ.ぐ"
501,間,N5,GIAN,12,33," カン | かんが.みる かがみ"
1811,対,N3,ĐỐI,7,34," タイ ツイ | うずたか.い"
1456,上,N5,"THƯỢNG, THƯỚNG",3,35," ショウ ソウ | さや"
2504,部,N3,BỘ,11,36," ブ ム | かぶ かぶら あれる"
2121,東,N5,ĐÔNG,8,37," トウ"
1251,者,N4,GIẢ,8,38," サ シャ | うすぎぬ"
2107,党,N2,ĐẢNG,10,39," トウ | たお.れる -だお.れ たお.す さかさま さかさ さかしま"
1904,地,N4,ĐỊA,6,40," チ | し.る し.らせる"
988,合,N3,"HỢP, CÁP, HIỆP",6,41," ゴウ | さけ.ぶ よびな"
1157,市,N3,THỊ,5,42," シ | しかばね"
675,業,N4,NGHIỆP,13,43," ギョウ キョウ | あかつき さと.る"
2205,内,N3,"NỘI, NẠP",4,44," ナ ダ | なに なんぞ いかん"
1743,相,N3,"TƯƠNG, TƯỚNG",9,45," ソウ チュウ シュウ シュ | や.せる"
2607,方,N4,PHƯƠNG,4,46," ホウ | はな.す -っぱな.し はな.つ はな.れる こ.く ほう.る"
1150,四,N5,TỨ,5,47," シ"
2025,定,N3,"ĐỊNH, ĐÍNH",8,48," テイ | つつみ"
1014,今,N5,KIM,4,49," ケイ キョウ | ころ ごろ しばら.く"
342,回,N3,"HỒI, HỐI",6,50," カイ ゲ | と.く と.かす と.ける ほど.く ほど.ける わか.る さと.る"
1504,新,N4,TÂN,13,51," シン | ふ.る ぶ.る ふ.り -ぶ.り ふ.るう"
1463,場,N4,"TRÀNG, TRƯỜNG",12,52," ジョウ | しろ"
701,金,N5,KIM,8,53," キン コン | ちか.い"
158,員,N4,"VIÊN, VÂN",10,54," イン エン エツ | むせ.ぶ むせ.る のど の.む"
704,九,N5,"CỬU, CƯU",2,55," ギン | しろがね"
2233,入,N5,NHẬP,2,56," ニュウ | ちち ち"
1679,選,N3,"TUYỂN, TUYẾN",15,57," セン | ふ.む"
68,立,N4,LẬP,5,58," ソツ リツ シュツ | ひき.いる"
364,開,N4,KHAI,12,59," カイ | かに"
1273,手,N4,THỦ,4,60," シュ ス | まも.る まも.り もり -もり かみ"
2552,米,N3,MỄ,6,61," ヘイ"
2932,力,N4,LỰC,2,62," リョウ | えり"
409,学,N5,HỌC,8,63," カク | かわ"
2770,問,N4,VẤN,11,64," セイ シャ | もら.う"
983,高,N5,CAO,10,65," コウ キョウ | か かお.り かお.る"
1832,代,N4,ĐẠI,5,66," チョウ | たい"
2734,明,N4,MINH,8,67," メイ ミョウ | いのち"
1233,実,N3,THỰC,8,68," シツ シチ チ | たち ただ.す もと わりふ"
228,円,N5,VIÊN,4,69," エン オン アン オウ ユウ ヨウ | いや あ.きる いと.う おさ.える"
503,関,N3,QUAN,14,70," カン"
801,決,N3,QUYẾT,7,71," ケツ ケン | か.ける か.く"
1155,子,N5,"TỬ, TÍ",3,72," シ | すがた"
2155,動,N4,ĐỘNG,11,73," ドウ リュク リキ ロク リョク | はたら.く"
635,京,N4,KINH,8,74," キョウ コウ | う.ける"
1689,全,N3,TOÀN,6,75," ゼン ネン | しか しか.り しか.し さ"
2762,目,N4,MỤC,5,76," モク ボク | だま.る もだ.す"
2449,表,N3,BIỂU,8,77," ヒョウ"
1654,戦,N3,CHIẾN,13,78," セン | かわ"
777,経,N3,KINH,11,79," ケイ"
1995,通,N4,THÔNG,10,80," ツウ | いた.い いた.む いた.ましい いた.める"
369,外,N5,NGOẠI,5,81," ガイ"
1050,最,N3,TỐI,12,82," サイ サ | ふたた.び"
855,言,N4,"NGÔN, NGÂN",7,83," ゲン | ふなばた"
1170,氏,N1,"THỊ, CHI",4,84," シ | し.ぬ し.に-"
852,現,N3,HIỆN,11,85," ゲン"
2889,理,N4,LÍ,11,86," リ | なし"
1971,調,N3,"ĐIỀU, ĐIỆU",15,87," チョウ"
1809,体,N4,THỂ,7,88," タン ダン タ ダ テン"
288,化,N3,HÓA,4,89," カ ゲ | した しも もと さ.げる さ.がる くだ.る くだ.り くだ.す -くだ.す くだ.さる お.ろす お.りる"
2081,田,N4,ĐIỀN,5,90," デン テン | おり ど.ろ よど.み よど.む"
2131,当,N3,"ĐƯƠNG, ĐANG, ĐÁNG",6,91," トウ | ひ ほ- ともしび とも.す あかり"
2338,八,N5,BÁT,2,92," はたけ はた"
3006,六,N5,LỤC,4,93," ロウ リョウ | おとこ"
2785,約,N3,ƯỚC,9,94," ヤク エキ"
1270,主,N4,"CHỦ, CHÚA",5,95," ジャク ジャ | ひ.く"
1837,題,N4,ĐỀ,18,96," ダイ タイ テイ"
287,下,N5,"HẠ, HÁ",3,97," オン イン -ノン | おと ね"
1282,首,N3,"THỦ, THÚ",9,98," シュ | さけ さか-"
124,意,N4,Ý,13,99," イ ユイ | おも.んみる これ おも.うに"
2609,法,N3,PHÁP,8,100," ホウ | とも"
2472,不,N4,"BẤT, PHẦU, PHỦ, PHI",4,101," ビン | かめ"
2868,来,N5,"LAI, LÃI",7,102," ラ | はだか"
1089,作,N4,TÁC,7,103," ロ | さぎ"
1588,性,N3,TÍNH,8,104," セイ"
2055,的,N2,"ĐÍCH, ĐỂ",8,105," テキ | しずく したた.る"
2851,要,N3,"YẾU, YÊU",9,106," ヨウ"
2845,用,N4,DỤNG,5,107," ヨウ | と.ける と.かす いがた"
1584,制,N3,CHẾ,8,108," セイ サイ | さむ.い すご.い すさ.まじい"
1202,治,N3,"TRÌ, TRỊ",8,109," ジ"
2102,度,N4,"ĐỘ, ĐẠC",9,110," ド | つと.める"
2721,務,N3,"VỤ, VŨ",11,111," ミン | ねむ.る ねむ.い"
650,強,N4,"CƯỜNG, CƯỠNG",11,112," キョウ コウ | はざま"
545,気,N5,KHÍ,6,113," キ ギ | つよ.い"
1401,小,N5,TIỂU,3,114," ショウ ソウ | まさ.に はた まさ ひきい.る もって"
1222,七,N5,THẤT,2,115," ダ | しずく"
1589,成,N3,THÀNH,6,116," セイ ショウ | さが"
539,期,N3,"KÌ, KI",12,117," キ | すで.に"
911,公,N4,CÔNG,4,118," コウ | ひか.る ひかり"
1198,持,N4,TRÌ,9,119," ジ | いつく.しむ"
2780,野,N4,DÃ,11,120," ヤ ジャ | か"
643,協,N2,HIỆP,8,121," キョウ"
1271,取,N3,THỦ,8,122," シュ ス シュウ | ぬし おも あるじ"
2097,都,N3,ĐÔ,11,123," ト | みち"
3013,和,N3,"HÒA, HỌA",8,124," ワ イ | したが.う"
2138,統,N1,THỐNG,12,125," トウ"
113,以,N4,DĨ,5,126," キョウ アン コウ | あんず"
542,機,N3,"KI, CƠ",16,127," キ | す.てる"
2545,平,N3,"BÌNH, BIỀN",5,128," ヘイ | ぬさ"
1746,総,N2,TỔNG,14,129," コウ ソウ | ぬか"
294,加,N3,GIA,5,130," カ"
1124,山,N5,"SAN, SƠN",3,131," サン シン | まい.る まい- まじわる みつ"
1160,思,N4,"TƯ, TỨ, TAI",9,132," シ | シリング こころざ.す こころざし"
299,家,N4,"GIA, CÔ",10,133," カ | よめ とつ.ぐ い.く ゆ.く"
3014,話,N5,THOẠI,13,134," ワ オ カ | やわ.らぐ やわ.らげる なご.む なご.やか"
1579,世,N4,THẾ,5,135," スン"
1284,受,N3,THỤ,8,136," ジュ"
707,区,N2,"KHU, ÂU",4,137," ク"
2931,領,N2,LĨNH,14,138," リョウ | みささぎ"
1794,多,N4,ĐA,6,139," タ | ほか"
832,県,N2,HUYỆN,9,140," ケン | きぬ"
1782,続,N3,TỤC,13,141," ゾク"
1523,進,N3,TIẾN,11,142," シン | から.い つら.い -づら.い かのと"
1596,正,N4,"CHÁNH, CHÍNH",5,143," セイ | す.む"
105,安,N4,"AN, YÊN",6,144," コウ キョウ | あわせ"
1638,設,N2,THIẾT,11,145," セツ | お.る おり お.り -お.り お.れる"
2575,保,N1,BẢO,9,146," ベン ヘン | むち むちうつ"
353,改,N2,CẢI,7,147," カイ"
1565,数,N3,"SỔ, SỐ, SÁC, XÚC",13,148," スウ シュウ | かさ かさ.む たか.い"
554,記,N3,KÍ,10,149," キ"
166,院,N4,VIỆN,10,150," イン オン | かげ"
1380,女,N5,"NỮ, NỨ, NHỮ",3,151," ジョ | つい.ず ついで"
1366,初,N3,SƠ,7,152," ショ | ところ -こ お.る"
2652,北,N5,BẮC,5,153," キョウ | ほお ほほ"
888,午,N5,NGỌ,4,154," ゴ | いつつ"
1161,指,N3,CHỈ,9,155," シ | おも.う おもえら.く おぼ.す"
825,権,N3,QUYỀN,15,156," ケン | しら.べる"
1501,心,N4,TÂM,4,157," シン | つまび.らか つぶさ.に"
359,界,N4,GIỚI,9,158," カイ | はい"
1162,支,N3,CHI,4,159," シ | ゆび さ.す -さ.し"
1835,第,N1,ĐỆ,11,160," ダイ タイ | おお- おお.きい -おお.いに"
1131,産,N3,SẢN,11,161," サン | センチ さんち"
804,結,N1,KẾT,12,162," ケツ | あな"
2440,百,N5,"BÁCH, BÁ, MẠCH",6,163," チュウ ジュウ | ひも"
2273,派,N1,PHÁI,9,164," ハ | なみ"
2077,点,N3,ĐIỂM,9,165," テン | いただき たお.れる"
656,教,N4,"GIÁO, GIAO",11,166," キョウ ショウ | はさ.む はさ.まる わきばさ.む さしはさ.む"
2597,報,N3,BÁO,12,167," ホウ | ほけ.る ぼ.ける あき.れる おろか"
1060,済,N3,TẾ,11,168," サイ セイ | とし とせ よわい"
1374,書,N5,THƯ,10,169," ショ"
2480,府,N2,PHỦ,8,170," フ | ぬの"
425,活,N3,"HOẠT, QUẠT",9,171," カツ | くく.る"
845,原,N3,NGUYÊN,10,172," ゲン ガン | もと"
1647,先,N5,"TIÊN, TIẾN",6,173," セン セント"
641,共,N3,"CỘNG, CUNG",6,174," キョウ ケイ | きそ.う せ.る くら.べる"
2171,得,N3,ĐẮC,11,175," トク | かくま.う"
341,解,N3,"GIẢI, GIỚI, GIÁI",13,176," カイ エ | あ.う あ.わせる あつ.まる"
2732,名,N5,DANH,6,177," メイ ミョウ | くら.い"
905,交,N3,GIAO,6,178," リ | こい"
1186,資,N3,TƯ,13,179," シ | はか.る"
2825,予,N3,"DƯ, DỮ",4,180," セキ | ゆう"
1653,川,N5,XUYÊN,3,181," セン | とが.る さき するど.い"
917,向,N3,HƯỚNG,6,182," コウ ク | くち"
1072,際,N3,TẾ,14,183," サイ | の.せる の.る"
1037,査,N2,TRA,9,184," サ | さ.す さ.し"
1388,勝,N3,"THẮNG, THĂNG",12,185," ショウ | つぐな.う"
2746,面,N3,"DIỆN, MIẾN",9,186," メン ベン"
120,委,N2,"ỦY, UY",8,187," イ | えびす えみし ころ.す たい.らげる"
997,告,N3,"CÁO, CỐC",7,188," コク | きざ.む きざ.み"
748,軍,N2,QUÂN,9,189," グン | む.れる む.れ むら むら.がる"
2538,文,N4,"VĂN, VẤN",4,190," フン"
2357,反,N3,"PHẢN, PHIÊN",4,191," ハン | なか.ば"
844,元,N4,NGUYÊN,4,192," ケン カン セン | あ.く"
1330,重,N4,"TRỌNG, TRÙNG",9,193," ジュウ | たて"
700,近,N4,"CẬN, CẤN, KÍ",7,194," キン | つつし.む"
1648,千,N5,THIÊN,3,195," セン | さき ま.ず"
962,考,N4,KHẢO,6,196," コウ | たがや.す"
2355,判,N3,PHÁN,7,197," ハン バン | ともな.う"
2239,認,N3,NHẬN,14,198," ニン ジン | はら.む みごも.る"
331,画,N4,"HỌA, HOẠCH",8,199," ガ ゲ | きば は"
357,海,N4,HẢI,9,200," カイ | かせ"
1123,参,N3,"THAM, XAM, SÂM",8,201," サン | かさ"
2300,売,N4,MẠI,7,202," バイ | か.う"
2884,利,N3,LỢI,7,203," ラン | み.る"
1709,組,N3,TỔ,11,204," ソ ス | もと"
1903,知,N4,"TRI, TRÍ",8,205," チ | ね あたい"
109,案,N1,ÁN,10,206," アン | くら.い くら.む くれ.る"
2166,道,N4,"ĐẠO, ĐÁO",12,207," ドウ トウ"
1495,信,N3,TÍN,9,208," シン | の.びる の.ばす の.べる の.す"
1097,策,N1,SÁCH,12,209," サク | すぼ.める つぼ.める せま.い"
1317,集,N4,TẬP,12,210," シュウ シュ トウ | むく.いる"
1074,在,N3,TẠI,6,211," ザイ スイ セイ | かる けず.る"
808,件,N3,KIỆN,6,212," ゲツ ガツ | つき"
1893,団,N2,ĐOÀN,6,213," タン | きた.える"
2558,別,N4,BIỆT,7,214," ヘキ ヒャク"
2524,物,N4,VẬT,8,215," ブツ フツ | ほとけ"
1769,側,N3,TRẮC,11,216," ソク | うなが.す"
2237,任,N3,"NHÂM, NHẬM, NHIỆM",6,217," キュウ ク | にら"
161,引,N3,"DẪN, DẤN",4,218," イン"
1145,使,N4,"SỬ, SỨ",8,219," シ | うかが.う"
606,求,N3,CẦU,7,220," キュウ | く.ちる"
1367,所,N3,SỞ,8,221," ショ | はじ.め はじ.めて はつ はつ- うい- -そ.める -ぞ.め"
1200,次,N3,THỨ,6,222," ジ | とき -どき"
1550,水,N5,THỦY,4,223," スイ | お.す"
2356,半,N5,BÁN,5,224," ハン バン | わか.る"
2462,品,N4,PHẨM,9,225," キ ギ | ひれ"
1093,昨,N3,TẠC,9,226," サク | しぼ.る"
3011,論,N3,"LUẬN, LUÂN",15,227," ロク | しる.す と.る"
784,計,N4,"KẾ, KÊ",9,228," ケイ | ほたる"
1169,死,N4,TỬ,6,229," シ | と.まる -ど.まり と.める -と.める -ど.め とど.める とど.め とど.まる や.める や.む -や.む よ.す -さ.す -さ.し"
464,官,N3,QUAN,8,230," カン"
1762,増,N3,TĂNG,14,231," ゾウ"
753,係,N3,HỆ,9,232," キ ケ"
469,感,N3,CẢM,13,233," カン | わずら.う"
2174,特,N4,ĐẶC,10,234," トク トウ | けが.す けが.れ みぞ"
1467,情,N3,TÌNH,11,235," ジョウ | つね とこ-"
2119,投,N3,ĐẦU,7,236," トウ | いた.む"
1207,示,N3,"KÌ, THỊ",5,237," ジ"
2563,変,N3,BIẾN,9,238," ヘン | かたよ.る"
1802,打,N3,ĐẢ,5,239," ダ"
1900,男,N5,NAM,7,240," ダン タン"
527,基,N1,CƠ,11,241," キ | うつわ"
1173,私,N4,TƯ,7,242," シ"
391,各,N2,CÁC,6,243," カク | おど.す"
1152,始,N4,"THỦY, THÍ",8,244," シ | さむらい"
2116,島,N2,ĐẢO,10,245," トウ | すぎる"
1981,直,N3,TRỰC,8,246," チョク ホ | はかど.る"
2915,両,N3,"LƯỠNG, LẠNG",6,247," リョウ"
1962,朝,N4,"TRIÊU, TRIỀU",12,248," チョウ | のび.る"
408,革,N2,"CÁCH, CỨC",9,249," カク | へだ.てる へだ.たる"
292,価,N1,GIÁ,8,250," カ ガ キャ ギャ | とぎ"
1215,式,N3,THỨC,6,251," ロク | しか か"
399,確,N3,XÁC,15,252," カク | え.る"
1791,村,N2,THÔN,7,253," ソン | そこ.なう そこな.う -そこ.なう そこ.ねる -そこ.ねる"
2034,提,N1,"ĐỀ, THÌ, ĐỂ",12,254," チョウ テイ | ぬ.く"
196,運,N4,VẬN,12,255," ウン | い.う ここに"
1303,終,N4,CHUNG,11,256," シュウ | あき とき"
624,挙,N1,CỬ,10,257," キョ コ | よ.る"
303,果,N3,QUẢ,8,258," カ | ひま いとま"
1605,西,N5,"TÂY, TÊ",6,259," セイ"
1585,勢,N2,THẾ,13,260," セイ"
849,減,N2,GIẢM,12,261," ゲン | つる"
1833,台,N4,"THAI, ĐÀI, DI",5,262," ダイ タイ | か.わる かわ.る かわ.り か.わり -がわ.り -が.わり か.える よ しろ"
930,広,N4,QUẢNG,5,263," コウ | さいわ.い さち しあわ.せ"
2834,容,N3,"DUNG, DONG",10,264," ヨウ | あや.しい なま.めく わざわ.い"
2432,必,N3,TẤT,5,265," ヒツ | たす.ける ゆだめ"
259,応,N1,ỨNG,7,266," オウ | い.く いにしえ さき.に ゆ.く"
238,演,N3,DIỄN,14,267," エン | そ.う -ぞ.い"
2082,電,N5,ĐIỆN,13,268," デン | た"
1059,歳,N3,TUẾ,13,269," サイ"
1320,住,N4,"TRỤ, TRÚ",7,270," ジュウ シュウ"
1741,争,N3,"TRANH, TRÁNH",6,271," ソウ | はしゃ.ぐ"
1901,談,N3,ĐÀM,15,272," ダン ナン | おとこ お"
2261,能,N3,"NĂNG, NAI, NẠI",10,273," ノウ ナッ ナ ナン トウ | おさ.める -おさ.める おさ.まる"
2723,無,N2,"VÔ, MÔ",12,274," ム ボウ | ゆめ ゆめ.みる くら.い"
1049,再,N2,TÁI,6,275," サイ | もよう.す もよお.す"
115,位,N3,VỊ,7,276," イ | かれ"
1911,置,N3,TRÍ,13,277," チ ジ | いとけない おさない おくて おでる"
522,企,N1,XÍ,6,278," ガン | ねが.う -ねがい"
1512,真,N4,CHÂN,10,279," シン チン | はしか"
2899,流,N3,LƯU,10,280," リュウ ル | ころ.す"
395,格,N3,"CÁCH, CÁC",10,281," カク コウ | みだ.す"
2809,有,N4,"HỮU, DỰU",6,282," イツ ユ シュウ ユウ"
572,疑,N3,NGHI,14,283," ギ キ | いけにえ"
916,口,N4,KHẨU,3,284," コウ | あつ.い あか"
324,過,N3,"QUÁ, QUA",12,285," カ ケ"
676,局,N3,CỤC,7,286," ギョウ ゴウ | わざ"
1402,少,N4,"THIỂU, THIẾU",4,287," ショウ | ちい.さい こ- お- さ-"
2606,放,N3,"PHÓNG, PHỎNG",8,288," ホウ | ささ.げる"
1614,税,N2,"THUẾ, THỐI, THOÁT",12,289," セイ サイ | そろ.う ひと.しい ひと.しく あたる はやい"
824,検,N1,KIỂM,12,290," ケン | ま.く ま.くる まく.る めく.る まく.れる"
2142,藤,N1,ĐẰNG,18,291," トウ | とろ.かす とろ.ける うご.く"
1965,町,N4,ĐINH,7,292," チョウ ジョウ | ふだ"
1466,常,N3,THƯỜNG,11,293," ジョウ | むすめ"
944,校,N5,"GIÁO, HIỆU, HÀO",10,294," コウ | くい"
2918,料,N4,"LIÊU, LIỆU",10,295," リョウ"
1847,沢,N1,TRẠCH,7,296," タク | ひら.く"
1070,裁,N1,TÀI,12,297," サイ | な"
1472,状,N3,TRẠNG,7,298," ジョウ セイ | きよ.める きよ.い"
926,工,N4,CÔNG,3,299," コウ | ひろ.い"
819,建,N4,"KIẾN, KIỂN",9,300," ケン ゲン | きら.う きら.い いや"
899,語,N5,"NGỮ, NGỨ",14,301," ゴ"
610,球,N3,CẦU,11,302," キュウ ク | やいと"
201,営,N2,"DOANH, DINH",12,303," エイ | あき.らか"
720,空,N4,"KHÔNG, KHỐNG, KHỔNG",8,304," く.う く.らう"
1487,職,N3,CHỨC,18,305," ショク シキ | お.る お.り おり -おり -お.り"
1445,証,N1,CHỨNG,12,306," ショウ"
2103,土,N5,"THỔ, ĐỘ, ĐỖ",3,307," ド ト タク | たび -た.い"
2827,与,N3,"DỮ, DỰ, DƯ",3,308," ヨ | あま.る あま.り あま.す あんま.り"
603,急,N4,CẤP,9,309," キュウ | ゆみ"
1168,止,N4,CHỈ,4,310," シ | えだ"
1756,送,N4,TỐNG,9,311," ソウ | はし.る"
236,援,N1,"VIÊN, VIỆN",12,312," エン | おお.う"
636,供,N3,CUNG,8,313," キョウ ケイ キン | みやこ"
295,可,N2,"KHẢ, KHẮC",5,314," カ | くわ.える くわ.わる"
2784,役,N3,DỊCH,7,315," ヤク"
946,構,N3,CẤU,14,316," コウ キョウ | ふさぐ やまにれ おおむね"
2760,木,N5,MỘC,4,317," チョ | もう.ける もう.かる もうけ たくわ.える"
421,割,N3,CÁT,12,318," セキ | かた -がた"
2539,聞,N5,"VĂN, VẤN, VẶN",14,319," ブン モン | ふみ あや"
1521,身,N2,"THÂN, QUYÊN",7,320," シン | み.る"
2407,費,N3,"PHÍ, BỈ",12,321," ヒ ハイ | そし.る"
2473,付,N3,PHÓ,5,322," フ ブ"
1165,施,N1,"THI, THÍ, DỊ, THỈ",9,323," シ | か こう か.く この これ ここに"
1633,切,N4,"THIẾT, THẾ",4,324," セキ | おお.きい"
2815,由,N3,DO,5,325," ユウ ヨウ | はかりごと はか.る"
1641,説,N3,"THUYẾT, DUYỆT, THUẾ",14,326," セツ セチ | ふし -ぶし のっと"
2075,転,N4,CHUYỂN,11,327," テン チョウ | は.る つ.く"
1490,食,N5,"THỰC, TỰ",9,328," ショク | ふ.れる さわ.る さわ"
2396,比,N2,"BỈ, BÍ, BÌ, TỈ",4,329," ヒ イ"
2220,難,N3,"NAN, NẠN",18,330," ナン | やわ.らか やわ.らかい"
2649,防,N2,PHÒNG,7,331," ボウ ム | ほこ"
2582,補,N2,BỔ,12,332," ホ フ | はじ.めて"
1253,車,N5,XA,7,333," シャ | あやま.る"
2801,優,N3,ƯU,17,334," ユウ ウ | たす.ける"
2475,夫,N3,"PHU, PHÙ",4,335," フ ホ | つか はとば"
829,研,N4,NGHIÊN,9,336," ケン コン | たてまつ.る"
1292,収,N3,THU,4,337," シュウ | とら.われる"
1896,断,N3,"ĐOẠN, ĐOÁN",11,338," ダン タン | ひ.く -ひ.き はず.む たま はじ.く はじ.ける ただ.す はじ.きゆみ"
141,井,N1,TỈNH,4,339," イ | い.やす い.する くすし"
290,何,N5,HÀ,7,340," カ ケ | かり かり-"
2217,南,N5,NAM,9,341," テツ テイ セイ | なわて"
1623,石,N3,THẠCH,5,342," セキ"
1776,足,N4,TÚC,7,343," ソク | はか.る"
138,違,N3,VI,13,344," イ | い.う いい おも.う いわゆる"
1422,消,N3,TIÊU,10,345," ショウ | ぬま"
648,境,N2,CẢNH,14,346," キョウ | たか.い"
1513,神,N3,THẦN,9,347," シン | ま ま- まこと"
2380,番,N3,"PHIÊN, PHAN, BA, BÀ",12,348," バン"
553,規,N3,QUY,11,349," キ | しるし"
1342,術,N3,THUẬT,11,350," シュツ スイ | で.る -で だ.す -だ.す い.でる い.だす"
901,護,N1,HỘ,20,351," ゴ | あやま.る -あやま.る"
2069,展,N1,TRIỂN,10,352," テン | あまつ あめ あま-"
1817,態,N1,THÁI,14,353," タイ | おこた.る なま.ける"
2158,導,N2,ĐẠO,15,354," ドウ"
1684,鮮,N1,"TIÊN, TIỂN",17,355," セン | ひらめ.く ひらめ.き うかが.う"
2413,備,N3,BỊ,12,356," ハ | ひ.る"
1843,宅,N3,TRẠCH,6,357," タク ツク トク | ついば.む つつ.く"
371,害,N3,"HẠI, HẠT",10,358," カイ ガイ | せ.く しわぶ.く せき しわぶき"
2291,配,N3,PHỐI,10,359," ハイ | -ばら やから やかい ともがら"
2511,副,N2,PHÓ,11,360," フク | ふ.せる ふ.す"
1132,算,N2,TOÁN,14,361," サン | う.む う.まれる うぶ- む.す"
1180,視,N1,THỊ,11,362," シ | いた.る"
1469,条,N1,"ĐIỀU, THIÊU, ĐIÊU",7,363," ジョウ | みだ.れる みだ.す わずら.わしい"
467,幹,N1,"CÁN, CAN",13,364," カン | ほ.す ほ.し- -ぼ.し ひ.る"
2179,独,N1,ĐỘC,9,365," ドク"
786,警,N3,CẢNH,19,366," ケイ ゲイ | けい.する まい.る いた.る もう.でる"
601,宮,N1,CUNG,10,367," キュウ | す.う"
611,究,N4,CỨU,7,368," キュウ | たま"
144,育,N3,DỤC,8,369," イキ"
1617,席,N3,TỊCH,10,370," セキ"
2798,輸,N2,"THÂU, THÚ",16,371," ユ | さと.す"
2620,訪,N3,"PHÓNG, PHỎNG",11,372," ホウ | ほ.める"
411,楽,N4,"LẠC, NHẠC",13,373," ガク | たけ"
556,起,N4,KHỞI,10,374," キ | たっと.い とうと.い たっと.ぶ とうと.ぶ"
2700,万,N5,"VẠN, MẶC",3,375," まろ"
1926,着,N4,"TRỨ, TRƯỚC, TRỮ",12,376," チャク テキ"
1459,乗,N3,THỪA,9,377," ジョウ ショウ | すく.う たす.ける"
2070,店,N4,ĐIẾM,8,378," テン"
1343,述,N2,THUẬT,8,379," ジュツ | すべ"
1141,残,N3,TÀN,10,380," ザン | しばら.く"
1728,想,N3,TƯỞNG,13,381," ソウ | いそが.しい そうじて"
1669,線,N2,TUYẾN,15,382," セン | や"
67,率,N1,"SUẤT, SÚY, LUẬT, SOÁT",11,383,NULL
2454,病,N4,BỆNH,10,384," ビョウ | えが.く か.く"
2264,農,N2,NÔNG,13,385," ノウ ドウ | う.む うみ"
1296,州,N2,CHÂU,6,386," シュウ ジュ | つ.く つ.ける"
2500,武,N2,"VŨ, VÕ",8,387," ブ フ | な.でる"
1603,声,N3,THANH,7,388," セイ ショウ | ひじり"
1232,質,N4,"CHẤT, CHÍ",15,389," シツ | はや.い"
2248,念,N3,NIỆM,8,390," ネン | とし"
1815,待,N4,ĐÃI,9,391," タイ | お.びる おび"
1183,試,N4,THÍ,13,392," シ | うた"
1781,族,N4,TỘC,11,393," ゾク"
1448,象,N2,TƯỢNG,12,394," ショウ | くわ.しい つまび.らか"
703,銀,N4,NGÂN,14,395," ギン"
143,域,N2,VỰC,11,396," ガイ カイ | い"
1378,助,N3,TRỢ,7,397," ショ | もろ"
2990,労,N3,LAO,7,398," ロ ロウ | つゆ"
2952,例,N3,LỆ,8,399," レイ リョウ | わざおぎ"
215,衛,N1,VỆ,16,400," エイ | はなぶさ"
1688,然,N3,NHIÊN,12,401," ゼン | ようや.く やや ようよ.う すす.む"
1734,早,N4,TẢO,6,402," ソウ サン | みさお あやつ.る"
1956,張,N1,"TRƯƠNG, TRƯỚNG",11,403," チョウ | とむら.う とぶら.う"
204,映,N4,ÁNH,9,404," エイ | かげ"
857,限,N3,HẠN,9,405," ゲン | ことわざ"
1519,親,N4,"THÂN, THẤN",16,406," シン | たきぎ まき"
412,額,N2,NGẠCH,18,407," ガク ラク ゴウ | たの.しい たの.しむ この.む"
485,監,N1,"GIAM, GIÁM",15,408," カン | あま.い あま.える あま.やかす うま.い"
483,環,N1,HOÀN,17,409," カン | そそ.ぐ"
842,験,N4,NGHIỆM,18,410," ケン | あきらか あらわ.れる"
1992,追,N3,"TRUY, ĐÔI",9,411," ツイ | つち"
1500,審,N1,THẨM,15,412," シン | ね.る ね.かす い.ぬ みたまや や.める"
1393,商,N3,THƯƠNG,11,413," ショウ | みはり"
2849,葉,N3,"DIỆP, DIẾP",12,414," ヨウ | かがや.く ひかり"
574,義,N1,NGHĨA,13,415," ギ キ シ | くにつかみ ただ まさに"
2078,伝,N3,TRUYỀN,6,416," テン | つ.ける つ.く た.てる さ.す とぼ.す とも.す ぼち"
2154,働,N3,ĐỘNG,13,417," トウ | たたか.う あらそ.う"
762,形,N3,HÌNH,7,418," ケイ | ちぎ.る"
771,景,N3,CẢNH,12,419," ケイ キョウ | うやま.う"
2874,落,N3,LẠC,12,420," ラク | から.む から.まる"
263,欧,N2,"ÂU, ẨU",8,421," オウ | よこ"
1877,担,N2,"ĐAM, ĐẢM",8,422," タン | たいら"
922,好,N3,"HẢO, HIẾU",6,423," コウ ク | あか はじ"
1827,退,N3,"THỐI, THOÁI",9,424," タイ | か.す か.し- かし-"
1357,準,N2,"CHUẨN, CHUYẾT",13,425," ジュン シュン | あつ.い"
1449,賞,N2,THƯỞNG,15,426," ショウ ゾウ | かたど.る"
1711,訴,N1,TỐ,12,427," ソ ス | よみがえ.る"
2567,辺,N2,BIÊN,5,428," ヘン | あ.む -あ.み"
1767,造,N2,"TẠO, THÁO",10,429," ゾウ ソウ | おく.る"
214,英,N4,ANH,8,430," エイ | ほさき のぎ"
2405,被,N2,"BỊ, BÍ",10,431," ヒ | こ.える こえ こ.やす こ.やし ふと.る"
437,株,N1,"CHU, CHÂU",10,432," ハク ホウ ビョウ | かばん"
2151,頭,N3,ĐẦU,16,433," トウ"
568,技,N2,KĨ,7,434," ギ ゲ | たわむ.れる ざ.れる じゃ.れる"
2018,低,N2,ĐÊ,7,435," テイ チン"
2680,毎,N5,MỖI,6,436," マイ バイ"
140,医,N4,Y,7,437," イ ユイ | のこ.す"
2512,復,N2,"PHỤC, PHÚC",12,438," フク"
1142,仕,N4,SĨ,5,439," ザン サン | のこ.る のこ.す そこな.う のこ.り"
619,去,N4,"KHỨ, KHU",5,440," ギュウ | うし"
1154,姿,N1,TƯ,9,441," シ | あね はは"
2705,味,N4,VỊ,8,442," マン バン | はびこ.る つる"
2493,負,N3,PHỤ,9,443," フ"
406,閣,N1,CÁC,14,444," カク | くるわ"
2092,渡,N3,ĐỘ,12,446," ト トウ ズ | もり ふさ.ぐ やまなし"
1225,失,N3,THẤT,5,447," シツ シュウ | と.る"
131,移,N2,"DI, DỊ, SỈ",11,448," イ | こと こと.なる け"
1036,差,N3,"SOA, SI, SAI, SÁI",10,449," サ シャ | ひだり"
1309,衆,N1,CHÚNG,12,450," シュウ | あかね あつ.まる あつ.める"
859,個,N2,CÁ,10,451," コ オ | か ああ かな や よ を"
2773,門,N2,MÔN,8,452," モン"
1243,写,N4,TẢ,5,453," シャ セキ | やど.る"
2450,評,N1,BÌNH,12,454," ヒョウ | おもて -おもて あらわ.す あらわ.れる あら.わす"
320,課,N2,KHÓA,15,455," カ ゲ | えび"
2694,末,N3,MẠT,5,456," マツ"
1272,守,N3,"THỦ, THÚ",6,457," シュ | と.る と.り と.り- とり -ど.り"
1266,若,N3,"NHƯỢC, NHÃ",8,458," セキ シャク | すず たま.う"
2262,脳,N2,NÃO,11,459," ノウ | よ.く"
678,極,N2,CỰC,13,460," キョク | ま.がる ま.げる くま"
1278,種,N3,"CHỦNG, CHÚNG",14,461," シュ | たま"
2420,美,N3,MĨ,9,462," ビ ミ | まゆ"
203,影,N1,ẢNH,15,464," エイ | ふ.れる みどりご あかご"
2733,命,N3,MỆNH,8,465," メイ ミョウ | な -な"
509,含,N2,HÀM,7,466," ガン | まる まる.める まる.い"
2515,福,N3,PHÚC,13,467," フク"
1765,蔵,N2,TÀNG,15,468," ゾウ | はらわた"
2929,量,N2,"LƯỢNG, LƯƠNG",12,469," リョウ"
2638,望,N3,VỌNG,11,470," ボウ バク | あば.く あば.れる"
1417,松,N1,TÙNG,8,471," ショウ"
2409,非,N3,PHI,8,472," ヒ | さ.ける よ.ける"
795,撃,N1,KÍCH,15,473," ゲキ | ほこ"
1031,佐,N1,TÁ,7,474," サ シャ | ち.と ち.っと いささか"
396,核,N1,HẠCH,10,475," カク コウ キャク ゴウ"
496,観,N3,QUAN,18,476," カン | い"
1106,察,N3,SÁT,14,477," サツ | す.る -ず.り -ずり は.く"
1591,整,N1,CHỈNH,16,478," セイ ショウ | まつりごと まん"
1899,段,N3,ĐOẠN,9,479," ダン タン | まゆみ"
262,横,N3,"HOÀNH, HOẠNH, QUÁNG",15,480," オウ キョウ ゴウ | かがや.き うつくし.い さかん"
2823,融,N1,"DUNG, DONG",16,481," ユウ | お- おす おん"
760,型,N2,HÌNH,9,482," ケイ | たま"
2314,白,N5,BẠCH,5,483," ハク | と.まる と.める"
1509,深,N3,THÂM,11,484," シン | ひた.す ひた.る"
1195,字,N4,TỰ,6,485," ジ ニ ゲイ | こ -こ -っこ"
2135,答,N4,ĐÁP,12,486," トウ | ひと.しい など -ら"
2777,夜,N4,DẠ,8,487," ヤ | い.る"
1604,製,N1,CHẾ,14,488," セイ ショウ | こえ こわ-"
2448,票,N1,"PHIẾU, TIÊU, PHIÊU",11,489," ヒョウ | ひさご ふくべ"
658,況,N2,HUỐNG,8,490," キョウ | はし"
286,音,N4,ÂM,9,491," オン | おだ.やか"
1510,申,N3,THÂN,5,492," シン | ふか.い -ぶか.い ふか.まる ふか.める み-"
2841,様,N3,DẠNG,14,493," ヨウ | かわ やなぎ"
1077,財,N3,TÀI,10,494," ザイ | つみ"
950,港,N3,CẢNG,12,495," コウ | おおき.い ひろ.い"
1216,識,N3,"THỨC, CHÍ",19,496," シキ"
1934,注,N4,CHÚ,8,497," チュウ | はしら"
861,呼,N3,"HÔ, HÁ",8,498," コ | ふる.い ふる- -ふる.す"
1423,渉,N1,THIỆP,11,499," ショウ | き.える け.す"
1860,達,N3,ĐẠT,12,500," タン | ただ.し"
2926,良,N3,LƯƠNG,7,501," リョウ ロウ | かて"
668,響,N1,HƯỞNG,20,502," キョウ ケイ | かがみ"
543,帰,N4,QUY,10,504," キ | はた"
1524,針,N2,CHÂM,10,505," シン | すす.む すす.める"
1651,専,N2,CHUYÊN,9,506," セン | のたま.う"
1549,推,N1,"THÔI, SUY",11,507," スイ"
1868,谷,N2,"CỐC, LỘC, DỤC",7,508," ホウ | たな -だな"
860,古,N4,CỔ,5,509," コ カ"
908,候,N3,HẬU,10,510," コウ"
1148,史,N2,SỬ,5,511," シ | つかさど.る"
2068,天,N5,THIÊN,4,512," テン チン | は.まる は.める うず.める しず.める ふさ.ぐ"
365,階,N2,GIAI,12,513," カイ | ひら.く ひら.き -びら.き ひら.ける あ.く あ.ける"
2039,程,N3,TRÌNH,12,514," テイ | さいわ.い"
2702,満,N3,MÃN,12,515," マン"
2284,敗,N3,BẠI,11,516," ハイ"
488,管,N2,QUẢN,14,517," カン | さお"
1902,値,N3,TRỊ,10,518," ダン"
305,歌,N4,CA,14,519," カ | か.ける か.かる"
2299,買,N4,MÃI,12,520," ケン バイ ハイ"
2184,突,N3,ĐỘT,8,521," トツ | でこ"
2542,兵,N2,BINH,7,522," ヘイ | あわ.せる"
1635,接,N2,TIẾP,11,523," セツ | つたな.い"
1608,請,N1,"THỈNH, TÍNH",15,524," セイ | ちか.う"
526,器,N1,KHÍ,15,525," キ | よろこ.ぶ よろこ.ばす"
1151,士,N1,SĨ,3,526," シ | よ よ.つ よっ.つ よん"
910,光,N3,QUANG,6,527," コウ | しあわ.せ さいわ.い"
2143,討,N1,THẢO,10,528," トウ ドウ | ふじ"
2988,路,N3,LỘ,13,529," ロ | まいな.い まいな.う"
84,悪,N4,ÁC,11,530," シュウ | あき とき"
301,科,N3,KHOA,9,531," カ"
939,攻,N1,CÔNG,7,532," コウ | ひか.える ひか.え"
1085,崎,N1,KHI,11,533," ショウ | さ.く -ざき"
2175,督,N1,ĐỐC,13,534," トク"
1287,授,N1,THỤ,11,535," ジュ ス シュウ | ことぶき ことぶ.く ことほ.ぐ"
1048,催,N1,THÔI,13,536," サイ"
1068,細,N2,TẾ,11,537," サイ | とき つつし.む ものいみ い.む いわ.う いつ.く"
913,効,N2,HIỆU,8,538," コウ ク | いさお"
1543,図,N4,ĐỒ,7,539," サク | す"
1314,週,N4,CHU,11,540," シュウ | あつ.める やわ.らぐ"
1624,積,N3,"TÍCH, TÍ",16,541," セキ シャク コク | いし"
508,丸,N2,HOÀN,3,542," カン | やかた たて"
1793,他,N3,THA,5,543," ソン | したが.う へりくだ.る ゆず.る"
599,及,N1,CẬP,3,544," キュウ | やす.む やす.まる やす.める"
3028,湾,N2,LOAN,12,545," ワン | はち"
3010,録,N2,LỤC,16,546," ロク | あばら"
1365,処,N3,XỨ,5,547," ジュン"
1429,省,N2,TỈNH,9,548," ショウ"
617,旧,N2,CỰU,5,549," キュウ | たま.う たも.う -たま.え"
1227,室,N4,THẤT,9,550," シツ | そね.む ねた.む にく.む"
820,憲,N1,HIẾN,16,551," ケン コン | た.てる た.て -だ.て た.つ"
1795,太,N3,THÁI,4,552," タ | おお.い まさ.に まさ.る"
657,橋,N2,"KIỀU, KHIÊU, CAO",16,553," キョウ | おし.える おそ.わる"
2580,歩,N4,BỘ,8,554," ホ | と.らえる と.らわれる と.る とら.える とら.われる つか.まえる つか.まる"
2895,離,N1,LI,19,555," リ | さと"
510,岸,N2,NGẠN,8,556," ガン | ふく.む ふく.める"
591,客,N3,KHÁCH,9,557," キャク | かえ.って しりぞ.く しりぞ.ける"
2507,風,N4,PHONG,9,558," フウ | かえで"
1175,紙,N4,CHỈ,10,559," シ | いと"
796,激,N1,KÍCH,16,560," ゲキ | う.つ"
2387,否,N3,"PHỦ, BĨ, PHẦU",7,561," ヒ | いや.しい いや.しむ いや.しめる"
1293,周,N2,CHU,8,562," シュウ | おさ.める おさ.まる"
1158,師,N3,SƯ,10,563," シ | いち"
2051,摘,N1,TRÍCH,14,564," デイ ナイ デ ニ | どろ"
1075,材,N2,TÀI,7,565," ザイ | あ.る"
2093,登,N3,ĐĂNG,12,566," ト | わた.る -わた.る わた.す"
776,系,N1,HỆ,7,567," ケイ | かんが.える とど.める"
2393,批,N1,PHÊ,7,568," ヒ | とびら"
3005,郎,N1,LANG,9,569," ロウ | みつろう ろうそく"
2590,母,N5,"MẪU, MÔ",5,570," ボ | く.れる く.らす"
126,易,N3,"DỊCH, DỊ",8,571," イ | なぐさ.める なぐさ.む"
811,健,N1,KIỆN,11,572," ケン | あき.る あぐ.む あぐ.ねる う.む つか.れる"
1002,黒,N4,HẮC,11,573," コク コウ | くぐい まと"
307,火,N5,HỎA,4,574," カ | かわ"
868,戸,N2,HỘ,4,575," コ"
1777,速,N3,TỐC,10,576," ソク | あし た.りる た.る た.す"
1787,存,N3,TỒN,6,577," セン | そろ.える そろ.う そろ.い き.る"
313,花,N4,HOA,7,578," カ コ"
1346,春,N4,XUÂN,9,579," シュン | けわ.しい たか.い"
2410,飛,N3,PHI,9,580," ヒ | あら.ず"
1111,殺,N3,"SÁT, SÁI, TÁT",10,581," サツ | ふだ"
256,央,N2,ƯƠNG,5,582," オウ | くぼ.む へこ.む ぼこ"
813,券,N2,KHOÁN,8,583," ケン | か.ねる -か.ねる"
1629,赤,N4,"XÍCH, THÍCH",7,584," セキ | せ.める"
987,号,N3,"HÀO, HIỆU",5,585," コウ ゴウ キョウ | おびや.かす"
1874,単,N3,ĐƠN,9,586," タン | に"
2735,盟,N1,MINH,13,587," メイ ミョウ ミン | あ.かり あか.るい あか.るむ あか.らむ あき.らか あ.ける -あ.け あ.く あ.くる あ.かす"
1045,座,N3,TỌA,10,588," ザ サ | すわ.る おわす そぞろに まします"
1611,青,N4,THANH,8,589," セイ | さ.ます さ.める"
2275,破,N3,PHÁ,10,590," ハ ベ ワ"
2566,編,N2,BIÊN,15,591," ヘン"
1729,捜,N2,SƯU,10,592," ソウ ソ | おも.う"
1918,竹,N2,TRÚC,6,593," チク"
1385,除,N3,TRỪ,10,594," ジョ ショ ソ | す.く すき くわ"
463,完,N3,HOÀN,7,595," カン ケン | かん.する かしま.しい みだら"
980,降,N3,"HÀNG, GIÁNG",10,596," コウ | くぐりど"
1973,超,N2,SIÊU,12,597," チョウ | ちょう.ずる うかが.う しめ.す"
1628,責,N3,"TRÁCH, TRÁI",11,598," セキ | せ せい"
2548,並,N2,"TỊNH, TINH",8,599," ヘイ | がら え つか"
2922,療,N2,LIỆU,17,600," リョウ レフ | かり か.る"
1323,従,N1,TÙNG,10,601," ジュウ ジッ ジュッ | とお と"
171,右,N5,HỮU,5,602," トウ ドウ スン | インチ"
1297,修,N1,TU,10,603," シュウ ス | す"
2579,捕,N3,BỘ,10,604," ホ フ | はたけ にわ"
1829,隊,N1,ĐỘI,12,605," タイ"
524,危,N3,NGUY,6,606," ギ キ | わざ わざおぎ"
1057,採,N2,"THẢI, THÁI",11,607," サイ"
1486,織,N1,"CHỨC, CHÍ, XÍ",18,608," ソク ショク | ともしび"
1506,森,N2,SÂM,12,609," シン | すす.む"
640,競,N2,CẠNH,20,610," キョウ | おそ.れる わる.い"
393,拡,N1,KHUẾCH,8,611," カク | くるわ とりで"
869,故,N1,CỐ,9,612," コ | と"
506,館,N4,QUÁN,16,613," カン | から いげた"
1503,振,N1,"CHẤN, CHÂN",10,614," シン | つつし.む つつし つつし.み"
616,給,N3,CẤP,12,615," キュウ | ただ.す"
275,屋,N4,ỐC,9,616," オク"
339,介,N2,GIỚI,4,617," カ ガ | かご が.する しのぐ のる"
2180,読,N5,ĐỘC,14,618," ドク トク | ひと.り"
2573,弁,N1,"BIỆN, BIỀN, BÀN",5,619," ベン"
1023,根,N2,CĂN,10,620," コン"
1488,色,N4,SẮC,6,621," ショク ソク"
2803,友,N5,HỮU,4,622," ユウ | いさ.む"
711,苦,N3,KHỔ,8,623," ク | かね かねざし さしがね"
1295,就,N1,TỰU,12,624," シュウ ソウ | むね"
791,迎,N3,"NGHÊNH, NGHỊNH",7,625," ゲイ ウン | う.える のり わざ"
1755,走,N4,TẨU,7,626," ソウ ショウ | よそお.う よそお.い"
2372,販,N2,"PHIẾN, PHÁN",11,627," ハン"
229,園,N3,VIÊN,13,628," エン | まる.い まる まど まど.か まろ.やか"
716,具,N3,CỤ,8,629," ク | こま"
1035,左,N5,"TẢ, TÁ",5,630," サ シ"
130,異,N1,"DỊ, DI",11,631," イ | おそ.れる かしこま.る かしこ かしこ.し"
2967,歴,N2,LỊCH,14,632," レキ | こよみ りゃく"
1212,辞,N3,TỪ,13,633," シ ジ | う.える まく"
1400,将,N2,"TƯƠNG, THƯƠNG, TƯỚNG",10,634," ショウ | よい"
1302,秋,N4,THU,9,635," シュウ | ひい.でる"
159,因,N3,NHÂN,6,636," イン"
828,献,N1,HIẾN,13,637," ケン | いぬ いぬ-"
846,厳,N1,NGHIÊM,17,638," ゲン | はら"
2279,馬,N3,MÃ,10,639," バ ハ"
77,愛,N3,ÁI,13,640," アイ | あわ.れ あわ.れむ かな.しい"
2513,幅,N2,"PHÚC, BỨC",12,641," フク | また"
598,休,N5,HƯU,6,642," キュウ グ | あだ あた かたき つれあい"
132,維,N1,DUY,14,643," イ | うつ.る うつ.す"
2477,富,N3,PHÚ,12,644," フ | よめ"
2465,浜,N1,BANH,10,645," ヒン フン | うるわ.しい あき.らか"
2487,父,N5,"PHỤ, PHỦ",4,646," フ | う.く う.かれる う.かぶ む う.かべる"
139,遺,N1,"DI, DỊ",15,647," イ | ちが.う ちが.い ちが.える -ちが.える たが.う たが.える"
2390,彼,N3,BỈ,8,648," ヒ | ひさし おお.う かば.う"
2370,般,N2,"BÀN, BAN, BÁT",10,649," ハン | しげ.る しげ.く"
2706,未,N3,"VỊ, MÙI",5,650," ミ | あじ あじ.わう"
2946,塁,N1,LŨY,12,651," ル リュウ"
2647,貿,N2,MẬU,12,652," ボウ バク | かたち かたどる"
971,講,N2,GIẢNG,17,653," コウ"
2622,邦,N1,BANG,7,654," ホウ ブ | ゆた.か とよ"
2501,舞,N3,VŨ,15,655," ブ ム | たけ.し"
2936,林,N2,LÂM,8,656," リン"
1754,装,N2,TRANG,12,657," ソウ | も"
1377,諸,N2,CHƯ,15,658," ショ ジョ | いも"
297,夏,N4,"HẠ, GIẠ, GIÁ",10,659," カ | よみ.する よい"
1708,素,N1,TỐ,10,660," ソ | あら.い あら-"
2628,亡,N3,"VONG, VÔ",3,661," ボウ | とぼ.しい とも.しい"
793,劇,N2,KỊCH,15,662," ゲイ | くじら"
306,河,N2,HÀ,8,663," カ | うた うた.う"
838,遣,N1,"KHIỂN, KHÁN",13,664," ケン | のき"
967,航,N2,HÀNG,10,665," コウ | あぶら"
936,抗,N1,KHÁNG,7,666," コウ | あわ.てる あわ.ただしい"
2953,冷,N3,LÃNH,7,667," レイ | たと.える"
2749,模,N1,MÔ,14,668," モ モウ バク ボ マク"
2822,雄,N1,HÙNG,12,669," ユウ"
2057,適,N3,"THÍCH, ĐÍCH, QUÁT",14,670," テキ | ふえ"
2476,婦,N3,PHỤ,11,671," フ フウ ブ | おっと それ"
2065,鉄,N2,THIẾT,13,672," テツ"
530,寄,N3,KÍ,11,673," キ | うれ.しい たの.しむ"
220,益,N1,ÍCH,10,674," エキ ヤク"
1011,込,N3,,5,675," ハク | こま"
520,顔,N3,NHAN,18,676," ガン | かたく"
694,緊,N1,KHẨN,15,677," キン | すじ"
2949,類,N3,LOẠI,18,678," ルイ"
1194,児,N2,NHI,7,679," ジ シ | さむらい はべ.る"
2826,余,N3,DƯ,7,680," ヨ シャ | あらかじ.め"
691,禁,N2,"CẤM, CÂM",13,681," キン | こと"
156,印,N2,ẤN,6,682," イン | じょう まこと.に ゆるす"
594,逆,N2,"NGHỊCH, NGHỊNH",9,683," ギャク | しいた.げる"
265,王,N3,"VƯƠNG, VƯỢNG",4,684," オウ | なぐ.る"
2568,返,N3,PHẢN,7,685," ヘン | あた.り ほと.り -べ"
2444,標,N1,"TIÊU, PHIÊU",15,686," ヒョウ ヒュウ | あや"
472,換,N2,HOÁN,12,687," カン | うら.む"
596,久,N2,CỬU,3,688," キュウ | おか"
1884,短,N2,ĐOẢN,12,689," タン | すみ"
2795,油,N2,DU,8,690," ユ | いよいよ まさ.る"
1053,妻,N3,"THÊ, THẾ",8,691," ソク サイ | ふさ.ぐ とりで み.ちる"
2637,暴,N2,"BẠO, BỘC",15,692," ボウ | ふさ"
2941,輪,N2,LUÂN,15,693," リン | のぞ.む"
1649,占,N2,"CHIÊM, CHIẾM",5,694," セン | ち"
1650,宣,N1,TUYÊN,9,695," セン | し.める うらな.う"
2288,背,N3,"BỐI, BỘI",9,696," ハイ | ぱい ふだ"
1415,昭,N1,CHIÊU,9,697," ショウ | さかん"
2281,廃,N1,PHẾ,12,698," ハイ"
1483,植,N2,"THỰC, TRĨ",12,699," ショク シキ | ぬぐ.う ふ.く"
2246,熱,N3,NHIỆT,15,700," ビョウ | ねこ"
1334,宿,N3,"TÚC, TÚ",11,701," シュク | つとに はやい"
2786,薬,N3,DƯỢC,16,702," ヤク | つづ.まる つづ.める つづま.やか"
114,伊,N1,Y,6,703," イ | もっ.て"
947,江,N1,GIANG,6,704," コウ | かま.える かま.う"
1597,清,N2,THANH,11,705," セイ ショウ | ただ.しい ただ.す まさ まさ.に"
1305,習,N4,TẬP,11,706," シュウ | ぬいとり"
840,険,N3,HIỂM,11,707," ケン | かぎ"
2870,頼,N3,LẠI,16,708," ライ リ | あかざ あわち こうがい"
2914,僚,N1,LIÊU,14,709," リョウ | あきらか"
401,覚,N3,GIÁC,12,710," カク"
581,吉,N1,CÁT,6,711," キク キュウ | まり"
1600,盛,N1,"THỊNH, THÌNH",11,712," セイ ショウ | い.きる い.かす い.ける う.まれる うま.れる う.まれ うまれ う.む お.う は.える は.やす き なま なま- な.る な.す む.す -う"
1674,船,N3,THUYỀN,11,713," ブ セン | まい そむ.く"
2292,倍,N2,BỘI,10,714," ハイ | くば.る"
684,均,N2,"QUÂN, VẬN",7,715," キン ゴン | つと.める -づと.め つと.まる いそ.しむ"
274,億,N2,ỨC,15,716," テキ | おぎ"
2096,途,N3,ĐỒ,10,717," ト | か.ける かけ"
92,圧,N2,ÁP,5,718," シ | あずさ"
790,芸,N2,VÂN,7,719," ケイ | にわとり とり"
627,許,N3,"HỨA, HỬ, HỔ",11,720," キョ コ | むな.しい うつ.ろ"
953,皇,N1,HOÀNG,9,721," コウ カン | きのえ"
2940,臨,N1,"LÂM, LẤM",18,722," リン"
2146,踏,N1,ĐẠP,15,723," トウ ズ | まめ まめ-"
221,駅,N4,DỊCH,14,724," エキ ヤク | ま.す"
1373,署,N2,THỰ,13,725," ショ チョ | お いとぐち"
2346,抜,N3,BẠT,7,726," バツ バチ ハツ | ばっ.する"
344,壊,N1,HOẠI,16,727," カイ ケ | かたまり つちくれ"
1047,債,N1,TRÁI,13,728," ザ サ | くじ.く くじ.ける"
2570,便,N3,TIỆN,9,729," ヘン | あまね.く"
1494,伸,N2,THÂN,7,730," コウ | しり"
2902,留,N3,LƯU,10,731," リュウ ル"
1076,罪,N3,TỘI,13,732," ザイ"
2019,停,N2,ĐÌNH,11,733," テイ | ひく.い ひく.める ひく.まる"
664,興,N1,"HƯNG, HỨNG",16,734," キョウ | おびや.かす おど.す おど.かす"
2322,爆,N2,"BẠO, BẠC, BỘC",19,735," バク"
2896,陸,N2,LỤC,11,736," リ | はな.れる はな.す"
679,玉,N2,"NGỌC, TÚC",5,737," キョク ゴク | きわ.める きわ.まる きわ.まり きわ.み き.める -ぎ.め き.まる"
850,源,N1,NGUYÊN,13,738," ゲン | へ.る へ.らす"
564,儀,N1,NGHI,15,739," ギ カ | いつわ.る にせ いつわ.り"
2272,波,N2,BA,8,740," ハ | つか"
1716,創,N1,"SANG, SÁNG",12,741," ソウ"
1454,障,N1,CHƯỚNG,14,742," ショウ | かね"
778,継,N1,KẾ,13,743," ケイ キョウ | へ.る た.つ たていと はか.る のり"
693,筋,N1,CÂN,12,744," キン | とり とりこ"
1814,帯,N2,ĐỚI,10,746," タイ"
233,延,N2,DUYÊN,8,747," エン | うたげ"
174,羽,N2,VŨ,6,748," ウ オ | からす いずくんぞ なんぞ"
2101,努,N3,NỖ,7,749," レイ | あらと みが.く"
862,固,N2,CỐ,8,750," コ | よ.ぶ"
2153,闘,N1,ĐẤU,18,751," トウ | あが.る のぼ.る"
1601,精,N3,TINH,14,752," セイ ジョウ | も.る さか.る さか.ん"
1770,則,N2,TẮC,9,753," ソク | かわ がわ そば"
1751,葬,N1,TÁNG,12,754," ソウ ショウ チャン | ほうき おごそ.か"
2876,乱,N2,LOẠN,7,755," ラク"
2408,避,N1,TỊ,16,756," ヒ | つい.やす つい.える"
2485,普,N2,PHỔ,12,757," フ | おの"
1127,散,N3,"TÁN, TẢN",12,758," サン サツ | ま.く"
1147,司,N1,"TI, TƯ",5,759," シ | さ.す さ.さる さ.し さし とげ"
932,康,N1,"KHANG, KHƯƠNG",11,760," コウ | かのえ"
1775,測,N2,TRẮC,12,761," ソク | たば たば.ねる つか つか.ねる"
2621,豊,N2,PHONG,13,762," ホウ | おとず.れる たず.ねる と.う"
2842,洋,N4,DƯƠNG,9,763," ヨウ ショウ | さま さん"
1612,静,N3,TĨNH,14,764," セイ ショウ | あお あお- あお.い"
1686,善,N1,"THIỆN, THIẾN",12,765," ゼン | まえ -まえ"
1828,逮,N1,ĐÃI,11,766," タイ | しりぞ.く しりぞ.ける ひ.く の.く の.ける ど.く"
1018,婚,N3,HÔN,11,767," コン"
915,厚,N2,HẬU,9,768," コウ ク | かぎ ま.がる"
525,喜,N3,"HỈ, HÍ, HI",12,769," キ | あぶ.ない あや.うい あや.ぶむ"
2965,齢,N2,LINH,17,770," レイ | うるわ.しい うら.らか"
118,囲,N2,VI,7,771," イ | えら.い"
1783,卒,N2,"TỐT, TUẤT, THỐT",8,772," ゾク ショク コウ キョウ | つづ.く つづ.ける つぐ.ない"
2319,迫,N1,BÁCH,8,773," ハク | うす.い うす- -うす うす.める うす.まる うす.らぐ うす.ら- うす.れる すすき"
71,略,N2,LƯỢC,11,774," リャク リョウ | かす.める かす.る かす.れる"
1408,承,N2,THỪA,8,775," ショウ"
2486,浮,N3,PHÙ,10,776," フ | あまね.く あまねし"
3018,惑,N1,HOẶC,12,777," キョウ | わき わけ"
2602,崩,N1,BĂNG,11,778," ホウ | みね ね"
1364,順,N2,THUẬN,12,779," ジュン シュン | もっぱら こい あつい"
551,紀,N1,KỈ,9,780," キ ケ | まれ まばら"
1967,聴,N1,THÍNH,17,781," チョウ | なが.める"
1863,脱,N1,"THOÁT, ĐOÁI",11,782," ダツ | うば.う"
2910,旅,N4,LỮ,10,783," リョ | おもんぱく.る おもんぱか.る"
1643,絶,N3,TUYỆT,12,784," セツ | ゆき"
614,級,N1,CẤP,9,785," キュウ"
929,幸,N3,HẠNH,8,786," コウ | ちまた"
515,岩,N2,NHAM,8,787," ガン ゲン | まなこ め"
2978,練,N2,LUYỆN,14,788," レン | すだれ す"
260,押,N3,ÁP,8,789," オウ ヨウ -ノウ | あた.る まさに こた.える"
787,軽,N2,KHINH,12,790," ケイ | いまし.める"
2106,倒,N3,ĐẢO,10,791," ド ヌ | いか.る おこ.る"
2912,了,N2,LIỄU,2,792," リョ ロ | とりこ とりく"
1954,庁,N2,SẢNH,5,793," チョウ | とばり"
2310,博,N1,BÁC,12,794," ハク ホク | へ.ぐ へず.る む.く む.ける は.がれる は.ぐ は.げる は.がす"
1462,城,N2,THÀNH,9,795," ジョウ | あまつさえ あま.り あま.る"
468,患,N2,HOẠN,11,796," カン | みき"
2040,締,N1,ĐẾ,15,797," テイ | ほど -ほど"
2134,等,N3,ĐẲNG,12,798," トウ | いの.る いの.り まつ.る"
604,救,N1,CỨU,11,799," キュウ | いそ.ぐ いそ.ぎ"
1224,執,N1,CHẤP,11,800," シツ シチ | しか.る"
1725,層,N2,TẰNG,14,801," ソウ"
2365,版,N2,BẢN,8,802," ハン ブ フウ ホウ ホン | ただよ.う ひろ.い"
3002,老,N3,LÃO,6,803," ロウ ル | かご こ.める こも.る こ.む"
2950,令,N2,"LỆNH, LINH",5,804," ルイ | たぐ.い"
402,角,N2,"GIÁC, GIỐC",7,805," カク | おぼ.える さ.ます さ.める さと.る"
2873,絡,N2,LẠC,12,806," ラク"
1790,損,N2,TỔN,13,807," ソン | たっと.い とうと.い たっと.ぶ とうと.ぶ"
2636,房,N1,"PHÒNG, BÀNG",8,808," ボウ モウ | いそが.しい せわ.しい おそ.れる うれえるさま"
2585,募,N2,MỘ,12,809," スイ | ほ"
677,曲,N3,KHÚC,6,810," キョク | つぼね"
2062,撤,N1,TRIỆT,15,811," テツ"
2892,裏,N2,LÍ,13,812," リ"
2521,払,N3,PHẤT,5,813," フツ ホチ | どる ず"
1090,削,N1,TƯỚC,9,814," サク サ | つく.る つく.り -づく.り"
2711,密,N1,MẬT,11,815," コウ | みさき"
2028,庭,N3,"ĐÌNH, THÍNH",10,816," テイ | そこ"
2089,徒,N3,ĐỒ,10,817," ト チョ | ほふ.る"
1697,措,N1,"THỐ, TRÁCH",11,818," ソ ショ | いしやま そば"
2523,仏,N2,PHẬT,4,819," フツ | わ.く わ.かす"
1626,績,N2,TÍCH,17,820," セキ"
1916,築,N2,TRÚC,16,821," チ ジ | は.せる"
322,貨,N2,HÓA,11,822," カ ケ | かまびす.しい"
1159,志,N1,CHÍ,7,823," シ | いくさ"
1025,混,N2,"HỖN, CỔN",11,824," コン | こう.る こうり こり しきみ"
1071,載,N1,"TÁI, TẠI, TẢI",13,825," サイ | た.つ さば.く"
1413,昇,N2,THĂNG,8,826," ショウ ソウ | はや.い"
1908,池,N2,TRÌ,6,827," チ"
1537,陣,N1,TRẬN,10,828," ジン"
329,我,N1,NGÃ,7,829," ガ | けわ.しい"
683,勤,N3,CẦN,12,830," キン ゴン | わず.か"
128,為,N1,"VI, VỊ",9,831," イ"
805,血,N2,HUYẾT,6,832," ケツ ケチ | むす.ぶ ゆ.う ゆ.わえる"
1914,遅,N3,TRÌ,12,833," チ | くも"
2858,抑,N1,ỨC,7,834," ヨク"
2683,幕,N1,"MẠC, MỘ, MÁN",13,835," テン シン | まき こずえ"
620,居,N3,"CƯ, KÍ",8,836," キョ コ | さ.る -さ.る"
1662,染,N1,NHIỄM,9,837," セン | あら.う"
284,温,N2,"ÔN, UẨN",12,838," オン"
1113,雑,N3,TẠP,14,839," サツ サチ"
1410,招,N3,"CHIÊU, THIÊU, THIỀU",8,840," ショウ"
2203,奈,N1,NẠI,8,841," ドン | にぶ.い にぶ.る にぶ- なま.る なまく.ら"
549,季,N2,QUÝ,8,842," キ | いの.る"
1015,困,N3,KHỐN,7,843," コン キン | いま"
1592,星,N2,TINH,9,844," セイ | ととの.える ととの.う"
1386,傷,N1,THƯƠNG,13,845," ジョ ジ | のぞ.く -よ.け"
207,永,N2,VĨNH,5,846," エイ ヨウ | さか.える は.え -ば.え は.える え"
1845,択,N1,TRẠCH,7,847," タク | たく.する たの.む"
1301,秀,N1,TÚ,7,848," シュウ ス | しま"
1945,著,N2,"TRỨ, TRƯỚC, TRỮ",11,849," チョ | お からんし からむし"
1958,徴,N1,"TRƯNG, CHỦY, TRỪNG",14,850," チョウ | ほ.る -ぼ.り"
1184,誌,N2,CHÍ,14,851," シ | こころ.みる ため.す"
866,庫,N2,KHỐ,10,852," コ キ | おのれ つちのと な"
1895,弾,N1,"ĐÀN, ĐẠN",12,853," ダン タン"
1387,償,N1,THƯỜNG,17,854," ショウ | きず いた.む いた.める"
456,刊,N2,"KHAN, SAN",5,855," カン | さむ.い"
1761,像,N2,TƯỢNG,14,856," ソウ | さわ.ぐ うれい さわ.がしい"
912,功,N1,CÔNG,5,857," コウ ク | おおやけ"
623,拠,N1,CỨ,8,858," キョ ゴ | こば.む"
982,香,N2,HƯƠNG,9,859," コウ | うなじ"
800,欠,N3,KHIẾM,4,860," ケツ | すぐ.れる"
942,更,N3,"CANH, CÁNH",7,861," コウ | あきらか"
2401,秘,N1,BÍ,10,862," ヒ | いしぶみ"
622,拒,N1,"CỰ, CỦ",8,863," キョ"
755,刑,N1,HÌNH,6,864," ケイ | かたむ.く かたむ.ける かたぶ.く かた.げる かし.げる"
1079,坂,N2,PHẢN,7,865," ゴ コ | さ.える こお.る ひ.える"
996,刻,N3,KHẮC,8,866," コク | か.つ"
2027,底,N2,ĐỂ,8,867," テイ | みかど"
1136,賛,N3,TÁN,15,868," サン | ほ.める たた.える"
1996,塚,N1,TRỦNG,12,869," ツウ ツ | とお.る とお.り -とお.り -どお.り とお.す とお.し -どお.し かよ.う"
1912,致,N1,TRÍ,10,870," チ | お.く -お.き"
2604,抱,N3,BÃO,8,871," ホウ | くりや"
740,繰,N1,SÀO,19,872," リツ リ | くり おののく"
2514,服,N4,PHỤC,8,873," フク | はば"
2366,犯,N3,PHẠM,5,874," ハン"
2414,尾,N1,VĨ,7,875," ビ | そな.える そな.わる つぶさ.に"
2453,描,N1,MIÊU,11,876," ビョウ ミョウ | たまや みたまや やしろ"
2479,布,N2,BỐ,5,877," フ フウ | と.む とみ"
653,恐,N3,"KHỦNG, KHÚNG",10,878," キョウ コウ | ひる.む おびえ.る おじる おび.える おそ.れる"
1196,寺,N2,TỰ,6,879," ジ | あざ あざな -な"
2960,鈴,N1,LINH,13,880," レイ リョウ | みみなぐさ"
2381,盤,N1,BÀN,15,881," バン | つが.い"
1772,息,N3,TỨC,10,882," ソク | つ.く つ.ける すなわ.ち"
172,宇,N2,VŨ,6,883," ウ ユウ | みぎ"
981,項,N1,HẠNG,12,884," コウ ゴ | お.りる お.ろす ふ.る ふ.り くだ.る くだ.す"
1720,喪,N1,"TANG, TÁNG",12,885," ソウ | くら"
2354,伴,N1,BẠN,7,886," シュン ジュン | はやぶさ"
248,遠,N3,"VIỄN, VIỂN",13,887," エン オン"
2856,養,N1,"DƯỠNG, DƯỢNG",15,888," ヨウ | ひ"
821,懸,N1,HUYỀN,20,889," ケン"
2767,戻,N3,LỆ,7,890," ユウ | もっと.も とが.める"
378,街,N1,NHAI,12,891," ガイ カイ コウ | ふた けだ.し おお.う かさ かこう"
621,巨,N2,"CỰ, HÁ",5,892," キョ コ | い.る -い お.る"
1525,震,N2,CHẤN,15,893," シン | はり"
521,願,N3,NGUYỆN,19,894," ガン | かお"
361,絵,N3,HỘI,12,895," カイ | みな みんな"
532,希,N2,HI,7,896," キ ギ"
224,越,N3,"VIỆT, HOẠT",12,897," エツ"
761,契,N1,"KHẾ, TIẾT, KHIẾT, KHẤT",9,898," ケイ | かた -がた"
768,掲,N1,YẾT,11,899," ケイ | いこ.い いこ.う"
2788,躍,N1,DƯỢC,21,900," ヤク | わけ"
541,棄,N1,KHÍ,13,901," キ | ご"
2859,欲,N3,DỤC,11,902," ヨク | おさ.える"
1994,痛,N3,THỐNG,12,903," ツイ タイ | つち"
1489,触,N2,XÚC,13,904," ショク シキ | いろ"
2046,邸,N1,ĐỂ,8,905," テイ | かわ.る たがいに"
116,依,N2,"Y, Ỷ",8,906," イ | くらい ぐらい"
1625,籍,N2,"TỊCH, TẠ",20,907," セキ | つ.む -づ.み つ.もる つ.もり"
253,汚,N2,Ô,6,908," オ ヨ | おい.て お.ける ああ より"
1337,縮,N1,SÚC,17,909," シュク シュウ | いわ.う"
499,還,N1,"HOÀN, TOÀN",16,910," カン | つらぬ.く ぬ.く ぬき"
2679,枚,N2,MAI,8,911," マイ バイ | くら.い むさぼ.る"
1779,属,N1,"CHÚC, THUỘC, CHÚ",12,912," ゾク"
1435,笑,N3,TIẾU,10,913," ショウ"
886,互,N3,HỖ,4,914," ゴ | いつ いつ.つ"
2517,複,N2,PHỨC,14,915," フク | はら"
2909,慮,N1,"LỰ, LƯ",15,916," リョ ロ | とも"
2821,郵,N2,BƯU,11,917," ユウ | うれ.える くに むら"
1774,束,N3,"THÚC, THÚ",7,918," ソク サク | とら.える"
1928,仲,N2,TRỌNG,6,919," チュウ | なか うち あた.る"
206,栄,N2,VINH,9,920," エイ | ひ.く"
1110,札,N2,TRÁT,5,921," サツ | す.る す.れる -ず.れ こす.る こす.れる"
3019,枠,N1,,8,922," ワク | まど.う"
1192,似,N3,TỰ,7,923," ジ ズ | こと つか.う つか.える"
2824,夕,N4,TỊCH,3,924," ユウ | と.ける と.かす"
764,恵,N1,HUỆ,10,925," ケイ | みち こみち さしわたし ただちに"
2362,板,N2,BẢN,8,926," ハン | ふ まだら"
2968,列,N3,LIỆT,6,927," レキ レッキ"
2989,露,N1,LỘ,21,928," ロ ル | -じ みち"
272,沖,N1,"TRÙNG, XUNG",7,929," コウ | おか"
1878,探,N3,"THAM, THÁM",11,930," タン | かつ.ぐ にな.う"
2147,逃,N3,ĐÀO,9,931," トウ | ふ.む ふ.まえる"
1257,借,N4,TÁ,10,932," ジャ | よこし.ま"
490,緩,N1,HOÃN,15,933," カン ケン | えら.ぶ ふだ"
1640,節,N1,"TIẾT, TIỆT",13,934," セツ | ぬす.む ひそ.か"
1290,需,N1,NHU,14,935," ジュ | ひも"
1009,骨,N2,CỐT,10,936," コツ | ほけ.る ぼ.ける ほ.れる"
1244,射,N1,"XẠ, DẠ, DỊCH",10,937," シャ ジャ | うつ.す うつ.る うつ- うつ.し"
754,傾,N2,KHUYNH,13,938," ケイ | かか.る かかり -がかり かか.わる"
2186,届,N2,GIỚI,8,939," タン ダン トド | むくげ"
2839,曜,N4,DIỆU,18,940," ヨウ"
2819,遊,N3,DU,12,941," ユウ イウ | さそ.う いざな.う"
2736,迷,N3,MÊ,9,942," メイ"
2722,夢,N3,"MỘNG, MÔNG",13,943," ム | つと.める"
459,巻,N2,QUYỂN,9,944," カン ケン | すす.める"
973,購,N1,CẤU,17,945," コウ ク | みつ.ぐ"
535,揮,N1,HUY,12,946," キ | い.む い.み い.まわしい"
744,君,N3,QUÂN,7,947," クン | いさお"
2251,燃,N2,NHIÊN,16,948," ネン | よ.る よ.れる より ひね.る"
1321,充,N1,SUNG,6,949," ジュウ ヂュウ チュウ | す.む す.まう -ず.まい"
176,雨,N5,"VŨ, VÚ",8,950," ウ"
2550,閉,N3,BẾ,11,951," ヘイ ヘツ フツ | おお.う おお.い"
1372,緒,N3,TỰ,14,952," ショ"
1630,跡,N2,TÍCH,13,953," セキ シャク | あか あか- あか.い あか.らむ あか.らめる"
2595,包,N2,BAO,5,954," ホウ"
1940,駐,N2,TRÚ,15,955," チュウ イ シュ シュウ | い.る"
972,貢,N1,CỐNG,10,956," コウ"
1214,鹿,N1,LỘC,11,957," セキ | しお うしお せい"
1268,弱,N2,NHƯỢC,10,958," ジャク セキ | さび さび.しい さび.れる さみ.しい"
590,却,N1,"KHƯỚC, TỨC",7,959," ショ | きび"
1885,端,N1,ĐOAN,14,960," タン | みじか.い"
1985,賃,N1,NHẪM,13,961," チン | めずら.しい たから"
1637,折,N3,"CHIẾT, ĐỀ",7,962," セツ ショウ | おさ.める かね.る と.る"
1437,紹,N2,THIỆU,11,963," ショウ"
398,獲,N1,HOẠCH,16,964," カク コク バイ | から がら"
749,郡,N1,QUẬN,10,965," グン | いくさ"
2541,併,N1,TINH,8,966," ヘイ | ひのえ"
1749,草,N3,THẢO,9,967," ソウ | さと.い みみざと.い"
2061,徹,N1,TRIỆT,15,968," テツ | さとい あき.らか し.る さば.く"
162,飲,N4,"ẨM, ẤM",12,969," イン | ひ.く ひ.き ひ.き- -び.き ひ.ける"
555,貴,N1,QUÝ,12,970," キ | しる.す"
1442,衝,N1,XUNG,15,972," ショウ"
1426,焦,N1,"TIÊU, TIỀU",12,973," ショウ | や.く や.き や.き- -や.き や.ける"
1862,奪,N1,ĐOẠT,14,974," シン ジン | たつ"
882,雇,N2,CỐ,12,975," コ"
1061,災,N1,TAI,7,976," サイ セイ | す.む -ず.み -ずみ す.まない す.ます -す.ます すく.う な.す わたし わた.る"
191,浦,N1,"PHỔ, PHỐ",10,977," キュウ | うまや"
2589,暮,N3,MỘ,14,978," ボ ボウ | つちのえ"
1819,替,N2,THẾ,12,979," タイ | いただ.く"
1622,析,N1,TÍCH,8,980," セキ シャク | むかし"
2830,預,N2,DỰ,13,981," ヨ | かご こし"
1425,焼,N2,THIÊU,12,982," ショウ"
489,簡,N2,GIẢN,18,983," カン | くだ"
1476,譲,N1,NHƯỢNG,20,984," ジョウ セイ | む.す む.れる む.らす"
1433,称,N1,"XƯNG, XỨNG",10,985," ショウ | さいわ.い きざ.し よ.い つまび.らか"
2228,肉,N4,"NHỤC, NHỤ, NẬU",6,986," シン | にぎ.わい にぎ.やか にぎ.わす にぎ.わう"
2260,納,N1,NẠP,10,987," ノウ | こ.い"
1288,樹,N1,THỤ,16,988," ジュ | さず.ける さず.かる"
1960,挑,N1,"THIÊU, THIỂU, THAO, KHIÊU",9,989," チョウ | こ.りる こ.らす こ.らしめる"
1434,章,N2,CHƯƠNG,11,990," ショウ | たた.える とな.える あ.げる かな.う はか.り はか.る ほめ.る"
1764,臓,N2,TẠNG,19,991," ゾウ | にく.む にく.い にく.らしい にく.しみ"
2897,律,N2,LUẬT,9,992," リク ロク | おか"
2818,誘,N1,DỤ,14,993," ユウ"
2536,紛,N1,PHÂN,10,994," フン | くそ"
1826,貸,N4,"THẢI, THẮC",12,995," タイ ダイ | ふくろ"
1179,至,N1,CHÍ,6,996," シ | あぶら"
1294,宗,N1,TÔNG,8,997," シュウ | まわ.り"
1768,促,N1,XÚC,9,998," ゾウ | つく.る つく.り -づく.り"
1502,慎,N1,THẬN,13,999," シン | こころ -ごころ"
938,控,N1,KHỐNG,11,1000," コウ | かか.わる"
1766,贈,N2,TẶNG,18,1001," ゾウ ソウ | くら おさ.める かく.れる"
1907,智,N1,TRÍ,12,1002," チ | は.じる はじ は.じらう は.ずかしい"
85,握,N1,ÁC,12,1003," アク オ | わる.い わる- あ.し にく.い -にく.い ああ いずくに いずくんぞ にく.む"
1427,照,N2,CHIẾU,13,1004," ショウ | こ.げる こ.がす こ.がれる あせ.る"
1929,宙,N1,TRỤ,8,1005," チュウ | なか"
1281,酒,N3,TỬU,10,1006," シュ | おもむき おもむ.く"
1344,俊,N1,TUẤN,9,1007," ジュツ | の.べる"
1681,銭,N1,TIỀN,14,1008," セン | うつ.る うつ.す みやこがえ"
2318,薄,N2,"BẠC, BÁC",16,1009," ハク"
2157,堂,N4,ĐƯỜNG,11,1010," ドウ | おな.じ"
1327,渋,N1,SÁP,11,1011," ジュウ | しる -しる つゆ"
747,群,N2,QUẦN,13,1012," クン キン | おし.える よ.む くん.ずる"
1331,銃,N1,SÚNG,14,1013," ジュウ チョウ | え おも.い おも.り おも.なう かさ.ねる かさ.なる おも"
2391,悲,N3,BI,12,1014," ヒ | かれ かの か.の"
2455,秒,N2,MIỂU,9,1015," ビョウ ヘイ | や.む -や.み やまい"
1733,操,N1,"THAO, THÁO",16,1016," ソウ | か.く"
769,携,N1,HUỀ,13,1017," ケイ | かか.げる"
257,奥,N2,"ÁO, ÚC",12,1018," オウ"
1520,診,N1,CHẨN,12,1019," シン | おや おや- した.しい した.しむ"
586,詰,N2,CẬT,13,1020," キツ | たちばな"
1850,託,N1,THÁC,10,1021," タク | みが.く"
1593,晴,N3,TÌNH,12,1022," セイ ショウ | ほし -ぼし"
1108,撮,N1,TOÁT,15,1023," サツ | せま.る"
1891,誕,N1,ĐẢN,15,1024," タン"
1496,侵,N1,XÂM,9,1025," シン"
424,括,N1,"QUÁT, HOẠT",9,1026," コウ カッ チョウ キョウ | あたか.も"
414,掛,N3,QUẢI,11,1027," ガク | あご あぎと"
1252,謝,N1,TẠ,17,1028," シャ | もの"
1717,双,N2,SONG,4,1029," ソウ ショウ | つく.る はじ.める きず けず.しける"
924,孝,N1,HIẾU,7,1030," コウ | あな"
1146,刺,N2,"THỨ, THÍCH",8,1031," シ | つか.う つか.い -つか.い -づか.い"
2139,到,N3,ĐÁO,8,1032," トウ | す.べる ほび.る"
713,駆,N1,KHU,14,1033," ク | むくろ からだ"
1499,寝,N3,TẨM,13,1034," シン"
2148,透,N1,THẤU,10,1035," トウ | に.げる に.がす のが.す のが.れる"
1988,津,N1,TÂN,9,1036," チン | ひ.ねる"
2555,壁,N1,BÍCH,16,1037," ヘキ ヒ ヘイ | へき.する ひが.む"
151,稲,N1,ĐẠO,14,1038," イツ | そ.れる そ.らす はぐ.れる"
289,仮,N1,GIẢ,6,1039," カ ケ | ば.ける ば.かす ふ.ける け.する"
108,暗,N3,ÁM,13,1040," アン | おさ.える しら.べる"
2971,裂,N1,LIỆT,12,1041," レツ | はげ.しい"
2470,敏,N1,MẪN,10,1042," ヒン | しき.りに"
1978,鳥,N4,ĐIỂU,11,1043," チョウ | いただ.く いただき"
1360,純,N2,"THUẦN, CHUẨN, ĐỒN, TRUY",10,1044," ジュン | たて"
1582,是,N1,THỊ,9,1045," ボウ ホ モ ム | せ うね"
2377,飯,N4,"PHẠN, PHÃN",12,1046," ハン | わか.つ"
2283,排,N1,BÀI,11,1047," ハイ | おが.む おろが.む"
2817,裕,N1,DỤ,12,1048," ユウ ウ | たす.ける"
817,堅,N1,KIÊN,12,1049," ケン | かこ.い"
2787,訳,N1,DỊCH,11,1050," ヤク | くすり"
2125,盗,N3,ĐẠO,11,1051," トウ | むね むな-"
1238,芝,N1,CHI,6,1052," サイ シ | しば"
960,綱,N1,CƯƠNG,14,1053," コウ | しぼ.る し.める し.まる"
600,吸,N3,HẤP,6,1054," キュウ | およ.ぶ およ.び および およ.ぼす"
2066,典,N1,ĐIỂN,8,1055," テツ | くろがね"
335,賀,N1,HẠ,12,1056," ギ ガ | ひむし"
94,扱,N1,"TRÁP, HẤP",6,1057," アツ カン ワツ | めぐ.る めぐ.らす"
883,顧,N1,CỐ,21,1058," コ | やと.う"
933,弘,N1,HOẰNG,5,1059," コウ"
486,看,N1,"KHÁN, KHAN",9,1060," カン"
1444,訟,N1,TỤNG,11,1061," ショウ | も もすそ"
351,戒,N1,GIỚI,7,1062," カイ エ | ふところ なつ.かしい なつ.かしむ なつ.く なつ.ける なず.ける いだ.く おも.う"
1172,祉,N1,CHỈ,8,1063," シ | しし"
2828,誉,N1,DỰ,13,1064," ヨ | あた.える あずか.る くみ.する ともに"
478,歓,N1,HOAN,15,1065," カン"
2571,勉,N4,MIỄN,10,1066," ベン ビン | たよ.り"
1722,奏,N1,TẤU,9,1067," ソウ | さかん"
458,勧,N1,KHUYẾN,13,1068," カン"
1760,騒,N1,TAO,18,1069," ソウ | しも"
2862,翌,N2,DỰC,11,1070," ヨク | あ.びる あ.びせる"
2855,陽,N3,DƯƠNG,12,1071," ヨウ | はる.か"
2348,閥,N1,PHIỆT,14,1072," バツ ハツ ボチ | いかだ"
952,甲,N1,GIÁP,5,1073," コウ | みぞ"
346,快,N2,KHOÁI,7,1074," カイ エ | まわ.る まわ.す もとお.る めぐ.る めぐ.らす"
2215,縄,N1,THẰNG,15,1075," ジュン シュン クン | な.れる な.らす したが.う"
2564,片,N2,PHIẾN,4,1076," ヘン | か.わる か.わり か.える"
666,郷,N1,HƯƠNG,11,1077," キョウ | そば"
770,敬,N2,KÍNH,12,1078," ケイ | たずさ.える たずさ.わる"
2837,揺,N1,DAO,12,1079," ヨウ | あ.げる -あ.げ あ.がる"
2742,免,N1,"MIỄN, VẤN",8,1080," メツ | ほろ.びる ほろ.ぶ ほろ.ぼす"
538,既,N1,KÍ,10,1081," キ | はた"
1675,薦,N1,TIẾN,16,1082," セン | ふね ふな-"
2942,隣,N1,LÂN,16,1083," リン | わ"
2258,悩,N2,NÃO,10,1084," ノウ ドウ | ふくろ"
317,華,N1,"HOA, HÓA",10,1085," カ | に"
1659,泉,N2,"TUYỀN, TOÀN",9,1086," セイ セン | もみじ"
893,御,N3,"NGỰ, NHẠ, NGỮ",12,1087," ゴ コウ | のち うし.ろ うしろ あと おく.れる"
2373,範,N1,PHẠM,15,1088," ハン"
168,隠,N1,ẨN,14,1089," イン | かげ かげ.る"
2108,冬,N4,ĐÔNG,5,1090," トウ | なかま むら"
2172,徳,N1,ĐỨC,14,1091," トク | え.る う.る"
2399,皮,N2,BÌ,5,1092," ヒ | つか.れる -づか.れ つか.らす"
2060,哲,N1,TRIẾT,10,1093," デキ ジョウ ニョウ | いばり おぼ.れる"
630,漁,N2,NGƯ,14,1094," キョ コ | のこ のこぎり"
1570,杉,N1,SAM,7,1095," キョ | す.える す.わる"
2894,里,N1,LÍ,7,1096," リ | うち うら"
1264,釈,N1,THÍCH,11,1097," シャク | く.む"
865,己,N1,KỈ,3,1098," コ"
968,荒,N2,HOANG,9,1099," コウ"
1946,貯,N2,TRỮ,12,1100," チョ チャク | あらわ.す いちじる.しい"
954,硬,N2,NGẠNH,12,1101," コウ オウ"
1800,妥,N1,THỎA,7,1102," ダ | お.ちる くず.す くず.れる"
121,威,N1,UY,9,1103," イ | ゆだ.ねる"
992,豪,N1,HÀO,14,1104," ゴウ コウ | ほり"
736,熊,N1,HÙNG,14,1105," ワ ア | くぼ.む くぼ.み くぼ.まる くぼ"
1190,歯,N3,XỈ,12,1106," シ | か.う"
1821,滞,N1,TRỆ,13,1107," タイ"
2415,微,N1,VI,13,1108," ビ | お"
2905,隆,N1,LONG,11,1109," リュウ | つぶ"
2676,埋,N2,MAI,10,1110," マ マア | あさ"
1428,症,N1,CHỨNG,10,1111," ショウ | て.る て.らす て.れる"
1140,暫,N1,TẠM,15,1112," ザン サン セン ゼン | き.る"
1930,忠,N1,TRUNG,8,1113," チュウ"
1719,倉,N1,"THƯƠNG, THẢNG",10,1114," ソウ ス | くさむら むら.がる むら"
1932,昼,N4,TRÚ,9,1115," チュウ | ひき-"
1924,茶,N4,TRÀ,9,1116," チツ"
2427,彦,N1,NGẠN,9,1117," シ | ひげ くちひげ"
493,肝,N1,CAN,7,1118," カン | はね ふで やまどり ふみ"
1933,柱,N2,"TRỤ, TRÚ",9,1119," チュウ | ひる"
460,喚,N1,HOÁN,12,1120," カン ケン | ま.く まき ま.き"
237,沿,N1,DUYÊN,8,1121," エン"
2717,妙,N1,DIỆU,7,1122," ミャク | すじ"
1394,唱,N1,XƯỚNG,11,1123," ショウ | あきな.う"
1066,祭,N2,"TẾ, SÁI",11,1124," サイ | とりで"
1825,袋,N2,ĐẠI,11,1125," タイ | こけ こけら"
75,阿,N1,"A, Á",8,1126," ア アイ ワ | うつく.しい"
1098,索,N1,"TÁC, SÁCH",10,1127," サク"
1606,誠,N1,THÀNH,13,1128," セイ サイ ス | にし"
2634,忘,N3,VONG,7,1129," ボウ モウ | ずきん おお.う"
1310,襲,N1,TẬP,22,1130," シュウ シュ | おお.い"
1642,雪,N3,TUYẾT,11,1131," セツ ゼイ | と.く"
2434,筆,N2,BÚT,12,1132," ヒツ | おわ.る あみ おわ.り ことごとく"
1546,吹,N3,"XUY, XÚY",7,1133," トウ ズ | とど.まる"
746,訓,N2,HUẤN,10,1134," クン | かお.る"
1020,懇,N1,KHẨN,17,1135," コン | うら.む うら.めしい"
2861,浴,N2,DỤC,10,1136," ヨウ ヨク オク | そそ.ぐ"
2280,俳,N1,BÀI,10,1137," バ | うま うま- ま"
2163,童,N2,ĐỒNG,12,1138," ドウ トウ | ひとみ"
2599,宝,N2,BẢO,8,1139," ホウ ブ | たてまつ.る まつ.る ほう.ずる"
2547,柄,N1,BÍNH,9,1140," ヘイ"
670,驚,N1,KINH,22,1141," キョウ | う.ける もてな.す"
2675,麻,N1,MA,11,1142," マ"
2505,封,N2,PHONG,9,1143," ブ | -べ"
662,胸,N2,HUNG,10,1144," キョウ | た.める"
2730,娘,N3,NƯƠNG,10,1145," セイ | むこ"
1040,砂,N2,SA,9,1146," サ | みが.く"
2887,李,N1,LÍ,7,1147," リ | は.く"
251,塩,N2,DIÊM,13,1148," エン オン | おし おしどり"
949,浩,N1,HẠO,10,1149," コウ"
900,誤,N3,NGỘ,14,1150," ゴ | かた.る かた.らう"
1073,剤,N1,TỄ,10,1151," サイ | きわ -ぎわ"
1580,瀬,N1,LẠI,19,1152," セイ セ ソウ | よ さんじゅう"
1280,趣,N1,"THÚ, XÚC",15,1153," シュ ショウ | は.れる は.れ は.らす く.む はれもの"
504,陥,N1,HÃM,10,1154," カン | せき -ぜき かか.わる からくり かんぬき"
1067,斎,N1,TRAI,11,1155," サイ | まつ.る まつ.り まつり"
498,貫,N1,QUÁN,11,1156," カン | いさ.め いさ.める"
1646,仙,N1,TIÊN,5,1157," セン ゼン | せみ"
125,慰,N1,"ÚY, ỦY",15,1158," イ"
836,賢,N2,HIỀN,16,1159," ケン"
1381,序,N1,TỰ,7,1160," ジョ ニョ ニョウ | おんな め"
2030,弟,N4,"ĐỆ, ĐỄ",7,1161," テイ"
1353,旬,N1,"TUẦN, QUÂN",6,1162," ジュン"
3030,腕,N2,"OẢN, UYỂN",12,1163," ワン | こばち"
812,兼,N1,KIÊM,10,1164," ケン | すこ.やか"
1602,聖,N1,THÁNH,13,1165," セイ ショウ シヤウ"
1166,旨,N1,CHỈ,6,1166," シ セ | ほどこ.す"
1771,即,N1,TỨC,7,1167," ソク | のっと.る"
1661,洗,N3,"TẨY, TIỂN",9,1168," セン | あさ.い"
2790,柳,N1,LIỄU,9,1169," セイ ジョウ | やす.んじる"
1242,舎,N1,XÁ,8,1170," コウ | しま しろぎぬ"
563,偽,N1,NGỤY,11,1171," キ キュウ キン | かめ"
404,較,N1,"GIÁC, GIẾU, GIẢO",13,1172," カク | あかい あか かがや.く"
2270,覇,N1,BÁ,19,1173," ハ バン ハン | ま.く"
1948,兆,N2,TRIỆU,6,1174," チョウ テイ チン トウ チ | ひのと"
1405,床,N2,SÀNG,7,1175," ショウ ソ ソウ ホウ"
2336,畑,N2,,9,1176," キ | はだ"
470,慣,N3,QUÁN,14,1177," カン"
1447,詳,N1,TƯỜNG,13,1178," ショウ | みことのり"
2753,毛,N2,"MAO, MÔ",4,1179," モウ ボウ ミョウ | かしら"
2933,緑,N2,LỤC,14,1180," リョク リキ リイ | ちから"
1789,尊,N2,TÔN,12,1181," ソン | まご"
2032,抵,N1,"ĐỂ, CHỈ",8,1182," テイ ダイ"
663,脅,N1,HIẾP,10,1183," キョウ | むね むな-"
1336,祝,N2,"CHÚC, CHÚ",9,1184," シュク | しと.やか"
2958,礼,N3,LỄ,5,1185," レイ"
1744,窓,N3,SONG,11,1186," ソウ ショウ | あい-"
1325,柔,N2,NHU,9,1187," ジュウ | えびす つわもの"
2750,茂,N1,MẬU,8,1188," モ ボ"
571,犠,N1,HI,17,1189," ギ | あざむ.く"
537,旗,N1,KÌ,14,1190," キ | つくえ"
628,距,N1,CỰ,12,1191," キョ | ゆる.す もと"
336,雅,N1,NHÃ,13,1192," ガ"
1481,飾,N1,SỨC,13,1193," ショク | はに へな"
2756,網,N1,VÕNG,14,1194," モウ | めくら"
2906,竜,N1,LONG,10,1195," リュウ"
1182,詩,N1,THI,13,1196," シ"
1621,昔,N3,TÍCH,8,1197," セキ | しりぞ.ける"
2369,繁,N1,"PHỒN, BÀN",16,1198," ハン | あぜ くろ ほとり"
2079,殿,N2,"ĐIỆN, ĐIẾN",13,1199," デン テン | つた.わる つた.える つた.う つだ.う -づた.い つて"
2259,濃,N2,NÙNG,16,1200," ノウ | なや.む なや.ます なや.ましい なやみ"
2863,翼,N1,DỰC,17,1201," ヨク"
618,牛,N4,NGƯU,4,1202," キュウ | ふる.い もと"
420,潟,N1,TÍCH,15,1204," シュウ シュ | かじか いなだ どじょう"
2053,敵,N1,ĐỊCH,15,1205," テキ タク | ぬ.く ぬき.んでる"
2707,魅,N1,MỊ,15,1206," ミ ビ | いま.だ ま.だ ひつじ"
818,嫌,N1,HIỀM,13,1207," ケン | かた.い -がた.い"
632,魚,N4,NGƯ,11,1208," ギョ ゴ | ふせ.ぐ"
1613,斉,N1,TỀ,8,1209," セイ ジョウ | しず- しず.か しず.まる しず.める"
218,液,N2,DỊCH,11,1210," エイ | するど.い"
2467,貧,N3,BẦN,11,1211," ヒン | ほとり"
2483,敷,N1,PHU,15,1212," フ | たす.ける"
2838,擁,N1,"ỦNG, UNG",16,1213," ヨウ | ゆ.れる ゆ.る ゆ.らぐ ゆ.るぐ ゆ.する ゆ.さぶる ゆ.すぶる うご.く"
136,衣,N2,"Y, Ý",6,1214," イ | な しお.れる しな.びる しぼ.む な.える"
833,肩,N2,KIÊN,8,1215," ケン | か.ける"
816,圏,N1,"QUYỂN, KHUYÊN",12,1216," ケン | やかま.しい かまびす.しい"
2962,零,N2,LINH,13,1217," レイ | したが.う しもべ"
1137,酸,N1,TOAN,14,1218," サン | たす.ける たた.える"
756,兄,N4,HUYNH,5,1219," ケイ"
2345,罰,N1,PHẠT,14,1220," バツ ハツ カ ボチ | き.る そむ.く う.つ"
2105,怒,N3,NỘ,9,1221," ド | やつ やっこ"
2741,滅,N1,DIỆT,13,1222," ヒン | めす め- めん"
208,泳,N3,VỊNH,8,1223," エイ | なが.い"
1704,礎,N1,SỞ,18,1224," ソ ショ | うと.い うと.む まば.ら"
2489,腐,N1,HỦ,14,1225," フ"
1705,祖,N3,TỔ,9,1226," ソ | いしずえ"
2832,幼,N2,ẤU,5,1227," ヨウ チョウ | やと.う あた.い ひと.しい"
592,脚,N1,CƯỚC,11,1228," キャク カク"
316,荷,N2,"HÀ, HẠ",10,1230," カ"
1963,潮,N1,TRIỀU,15,1231," チョウ | あさ"
2295,梅,N1,MAI,10,1232," バイ | なこうど"
2313,泊,N2,"BẠC, PHÁCH",8,1233," ハク ヒャク ビャク | かしわ"
1533,尽,N1,"TẪN, TẬN",6,1234," ジン | はなは.だ はなは.だしい"
2285,杯,N3,BÔI,8,1235," ハイ | やぶ.れる"
2653,僕,N1,"PHÓ, BỘC",14,1236," ホク | きた"
1100,桜,N1,ANH,10,1237," サク シャク"
427,滑,N1,"HOẠT, CỐT",13,1238," カツ | かわ.く"
864,孤,N1,CÔ,9,1239," コ | しゅうとめ しゅうと おば しばらく"
270,黄,N2,HOÀNG,11,1240," オウ | かもめ"
239,炎,N1,"VIÊM, ĐÀM, DIỄM",8,1242," エン"
2301,賠,N1,BỒI,15,1243," バイ | う.る う.れる"
706,句,N1,"CÚ, CÂU, CẤU",5,1244," グ ク | とも.に"
1286,寿,N1,THỌ,7,1245," ジュ シュ シュウ ズ | まじな.う のろ.い まじな.い のろ.う"
978,鋼,N1,CƯƠNG,16,1246," コウ | あらがね"
519,頑,N1,NGOAN,13,1247," ガン | かり かりがね"
484,甘,N2,CAM,5,1248," カン | わ"
1516,臣,N2,THẦN,7,1249," シン"
1042,鎖,N1,TỎA,18,1250," サ | いつわ.る"
1055,彩,N1,"THẢI, THÁI",11,1251," サイ"
2672,摩,N1,MA,15,1252," ボン"
1660,浅,N2,"THIỂN, TIÊN",9,1253," セン | いずみ"
2954,励,N1,LỆ,7,1254," レイ | つめ.たい ひ.える ひ.や ひ.ややか ひ.やす ひ.やかす さ.める さ.ます"
1730,掃,N2,TẢO,11,1255," ソウ シュ シュウ | さが.す"
197,雲,N2,VÂN,12,1256," ウン | はこ.ぶ"
730,掘,N2,QUẬT,11,1257," クツ | かが.む かが.める"
1329,縦,N1,TÚNG,16,1258," ジュウ | けもの けだもの"
558,輝,N1,HUY,15,1259," キ"
1920,蓄,N1,SÚC,13,1260," チク"
1219,軸,N1,TRỤC,12,1261," ジク チク トク"
1361,巡,N1,TUẦN,6,1262," ジュン"
2398,疲,N3,BÌ,10,1263," ヒツ ヒ"
311,稼,N1,GIÁ,15,1264," カ | いね"
1347,瞬,N1,THUẤN,18,1265," シュン | はる"
1245,捨,N2,"XÁ, XẢ",11,1266," シャ | い.る さ.す う.つ"
360,皆,N3,GIAI,9,1267," カイ"
2612,砲,N1,PHÁO,10,1268," ホウ | に.る"
2219,軟,N2,NHUYỄN,11,1269," ナン ダン ゼン ネン | くす くすのき"
2528,噴,N1,"PHÚN, PHÔN",15,1270," フン ブン | くちわき くちさき"
1983,沈,N2,"TRẦM, THẨM, TRẤM",7,1271," チン"
879,誇,N1,"KHOA, KHỎA",13,1272," コ | とら"
1432,祥,N1,TƯỜNG,10,1273," ショウ"
1598,牲,N1,SINH,9,1274," セイ ショウ シン | きよ.い きよ.まる きよ.める"
1922,秩,N1,TRẬT,10,1275," チク"
2026,帝,N1,ĐẾ,9,1276," テイ ジョウ | さだ.める さだ.まる さだ.か"
925,宏,N1,HOÀNH,7,1277," コウ キョウ"
1033,唆,N1,TOA,10,1278," サ シャ サイ | また"
2738,鳴,N3,MINH,14,1279," メイ"
1712,阻,N1,TRỞ,8,1280," ソ | うった.える"
1820,泰,N1,THÁI,10,1281," タイ | か.える か.え- か.わる"
3016,賄,N1,HỐI,13,1282," ワイ エ | いが.む いびつ ひず.む ゆが.む"
2656,撲,N1,"PHÁC, BẠC, PHỐC",15,1283," ボク | すみ"
2109,凍,N2,ĐỐNG,10,1284," トウ | ふゆ"
2665,堀,N1,QUẬT,11,1285," タイ サイ | ほとほと ほとん.ど あやうい"
2516,腹,N3,PHÚC,13,1286," フク"
579,菊,N1,CÚC,11,1287," キク コク | きく.す むす.ぶ すく.う たなごころ"
959,絞,N1,"GIẢO, HÀO",12,1288," コウ | おおづな つな つなぐ"
2232,乳,N2,NHŨ,8,1289," ニチ ジツ | ひ -び -か"
241,煙,N3,YÊN,13,1290," エン | ほのお"
244,縁,N1,DUYÊN,15,1291," エン | さる"
2799,唯,N1,"DUY, DỤY",11,1292," ユ シュ"
2644,膨,N1,BÀNH,16,1293," ボウ"
2782,矢,N1,THỈ,5,1294," ミ ビ | いや や あまねし いよいよ とおい ひさし ひさ.しい わた.る"
1812,耐,N1,NẠI,9,1295," タイ ツイ | あいて こた.える そろ.い つれあ.い なら.ぶ むか.う"
2973,恋,N2,LUYẾN,10,1296," レン"
1339,塾,N1,THỤC,14,1297," シュク スク | つつし.む"
2998,漏,N1,LẬU,14,1298," ロウ"
957,紅,N2,HỒNG,9,1299," コウ | ぬか"
765,慶,N1,"KHÁNH, KHƯƠNG, KHANH",15,1300," ケイ エ | めぐ.む めぐ.み"
2754,猛,N1,MÃNH,11,1301," モウ | け"
2615,芳,N1,PHƯƠNG,7,1302," ホウ"
1959,懲,N1,TRỪNG,18,1303," チョウ チ | しるし"
974,郊,N2,GIAO,9,1304," コウ"
814,剣,N1,KIẾM,10,1305," ケン"
1005,腰,N2,YÊU,13,1306," ロク | こ.し こ.す す.く"
1883,炭,N2,THÁN,9,1307," タン チン ジン セン | しず.む たた.える"
2853,踊,N2,DŨNG,14,1308," ヨウ | うた.い うた.う"
1407,彰,N1,CHƯƠNG,14,1310," ショウ"
540,棋,N1,"KÌ, KÍ",12,1311," キ ゴ"
1947,丁,N1,"ĐINH, CHÊNH, TRANH",2,1312," チョ | た.める たくわ.える"
1104,冊,N2,SÁCH,5,1313," シ | さじ"
934,恒,N1,"HẰNG, CẮNG, CĂNG",9,1314," コウ グ | ひろ.い"
2720,眠,N3,MIÊN,10,1315," ミン | たみ"
2836,揚,N1,DƯƠNG,12,1316," ヨウ"
2641,冒,N1,"MẠO, MẶC",9,1317," ボウ"
2255,之,N1,CHI,3,1318," ナイ ダイ ノ アイ | すなわ.ち なんじ"
2802,勇,N2,DŨNG,9,1319," ユウ ウ | やさ.しい すぐ.れる まさ.る"
356,械,N2,GIỚI,11,1321," カイ | つごもり くら.い みそか くら.む"
2934,倫,N1,LUÂN,10,1322," リョク ロク | みどり"
1987,陳,N1,"TRẦN, TRẬN",11,1323," チン | しず.める しず.まる おさえ"
276,憶,N1,ỨC,16,1324," オク | や"
2481,怖,N3,"PHỐ, BỐ",8,1325," フ"
827,犬,N4,KHUYỂN,4,1326," ケン | ひ.く"
1069,菜,N2,THÁI,11,1327," サイ | ほそ.い ほそ.る こま.か こま.かい"
1209,耳,N3,NHĨ,6,1328," ジ ニ | しこ.うして しか.して しか.も しか.れども すなわち なんじ しかるに"
1663,潜,N1,TIỀM,15,1329," セン | そ.める -ぞ.め -ぞめ そ.まる し.みる -じ.みる し.み -し.める"
1984,珍,N2,TRÂN,9,1330," チン ジン | しず.む しず.める"
2888,梨,N1,LÊ,11,1331," リ | すもも"
1527,仁,N1,NHÂN,4,1332," ジン ニン | ひと -り -と"
995,克,N1,KHẮC,7,1333," キク | こうじ"
410,岳,N1,NHẠC,8,1334," ガク | まな.ぶ"
374,概,N1,KHÁI,14,1335," ガイ"
937,拘,N1,"CÂU, CÙ",8,1336," コウ | あらが.う"
2586,墓,N1,MỘ,13,1337," ボ | つの.る"
2761,黙,N1,MẶC,15,1338," ボク モク | き こ-"
1541,須,N1,TU,12,1339," シュ ス | そう はか.る"
2562,偏,N1,THIÊN,11,1340," ヘイ ハイ | へら の くし"
2537,雰,N1,PHÂN,12,1341," フン | まぎ.れる -まぎ.れ まぎ.らす まぎ.らわす まぎ.らわしい"
2877,卵,N2,NOÃN,7,1342," ラン ロン | みだ.れる みだ.る みだ.す みだ おさ.める わた.る"
723,遇,N1,NGỘ,12,1343," グウ グ ドウ | ぐう.する かこつ.ける よ.せる よ.る かりずまい"
871,湖,N2,HỒ,12,1344," コ | か.れる か.らす"
1185,諮,N1,"TI, TƯ",16,1345," シ"
660,狭,N1,HIỆP,9,1346," キョウ | くる.う くる.おしい くるお.しい"
583,喫,N2,KHIẾT,12,1347," キツ | ども.る"
1841,卓,N1,TRÁC,8,1348," ロウ ソウ | たき"
466,干,N2,"KIỀN, CAN, CÀN, CÁN",3,1349," カン | くつろ.ぐ ひろ.い ゆる.やか"
1977,頂,N3,ĐÍNH,11,1350," チョウ | なが.い おさ"
1935,虫,N2,TRÙNG,6,1351," チュウ | そそ.ぐ さ.す つ.ぐ"
1105,刷,N2,"XOÁT, LOÁT",8,1352," サツ サク | ふみ"
562,亀,N1,"QUY, QUI",11,1353," キ | おに おに-"
2925,糧,N1,LƯƠNG,18,1354," リョウ ロウ | いつ かど"
2127,湯,N2,"THANG, SƯƠNG, THÃNG",12,1356," トウ | よな.げる"
2328,箱,N3,"TƯƠNG, SƯƠNG",15,1357," カン | はこ い.れる"
2591,簿,N1,"BỘ, BẠC",19,1358," ボ | はは も"
2986,炉,N1,LÔ,8,1359," ロ | やぐら おおだて"
2658,牧,N1,MỤC,8,1360," ボク | ほう ほお えのき"
1275,殊,N1,THÙ,10,1361," シュ | あけ"
1484,殖,N1,THỰC,12,1362," ショク | う.える う.わる"
494,艦,N1,HẠM,21,1363," カン | きも"
2843,溶,N2,"DONG, DUNG",13,1364," ヨウ"
2290,輩,N1,BỐI,15,1365," ハイ"
803,穴,N1,HUYỆT,5,1366," ケツ | いさぎよ.い"
528,奇,N1,"KÌ, CƠ",8,1367," キ | もと もとい"
2701,慢,N1,MẠN,14,1368," マン バン | よろず"
2016,鶴,N1,HẠC,21,1369," チョウ | つ.る つ.り つ.り-"
2645,謀,N1,MƯU,16,1370," ボウ | ふく.らむ ふく.れる"
1897,暖,N1,NOÃN,13,1371," ダン | た.つ ことわ.る さだ.める"
1414,昌,N1,XƯƠNG,8,1372," ショウ | のぼ.る"
2311,拍,N1,PHÁCH,8,1373," ハク バク"
2994,朗,N1,LÃNG,10,1374," ロウ ル | いじく.る ろう.する いじ.る ひねく.る たわむ.れる もてあそ.ぶ"
1457,丈,N1,TRƯỢNG,3,1375," ジョウ ショウ シャン | うえ -うえ うわ- かみ あ.げる -あ.げる あ.がる -あ.がる あ.がり -あ.がり のぼ.る のぼ.り のぼ.せる のぼ.す よ.す"
976,鉱,N2,KHOÁNG,13,1376," コウ"
465,寛,N1,KHOAN,13,1377," カン"
2518,覆,N1,"PHÚC, PHÚ",18,1378," フク"
2614,胞,N1,BÀO,9,1379," ホウ | ぬ.う"
608,泣,N1,KHẤP,8,1380," キュウ | く.む"
2947,涙,N2,LỆ,10,1381," ルイ ライ スイ | とりで"
407,隔,N1,CÁCH,13,1382," カク"
1471,浄,N1,TỊNH,9,1383," ジョウ | つえ"
2424,匹,N2,THẤT,4,1384," ハイ ヒ | ひえ"
2663,没,N1,MỘT,7,1385," ボツ ホツ | おこ.る にわかに"
302,暇,N1,HẠ,13,1386," カ"
2289,肺,N1,PHẾ,9,1387," ハイ | せ せい そむ.く そむ.ける"
1788,孫,N2,"TÔN, TỐN",10,1388," ソン ゾン"
2022,貞,N1,TRINH,9,1389," テイ | まい そ.る す.る"
2789,靖,N1,TĨNH,13,1390," ヤク | おど.る"
500,鑑,N1,GIÁM,23,1391," カン | かえ.る"
1189,飼,N1,TỰ,13,1392," シ | め- めす めん"
167,陰,N1,ÂM,11,1393," イン"
2737,銘,N1,MINH,14,1394," メイ | まよ.う"
217,鋭,N2,"DUỆ, NHUỆ",15,1395," エイ | よ.む うた.う"
1560,随,N1,TÙY,12,1396," スイ | つむ おもり"
2970,烈,N1,LIỆT,10,1397," レツ | おと.る"
1531,尋,N1,TẦM,12,1398," ニン ジン イ | みずのえ"
955,稿,N1,CẢO,15,1400," コウ | かた.い"
1167,枝,N2,"CHI, KÌ",8,1401," シ | むね うま.い"
1873,丹,N1,ĐAN,4,1402," スイ | だれ たれ た"
757,啓,N1,KHẢI,11,1403," ケイ キョウ | あに"
2775,也,N1,DÃ,3,1404," もんめ め"
595,丘,N1,"KHÂU, KHIÊU",5,1405," ギャク ゲキ | さか さか.さ さか.らう"
2124,棟,N1,ĐỐNG,12,1406," トウ"
1464,壌,N1,NHƯỠNG,16,1407," ジョウ チョウ | ば"
2703,漫,N1,"MẠN, MAN",14,1408," マン バン | み.ちる み.つ み.たす"
851,玄,N1,HUYỀN,5,1409," ゲン | みなもと"
2252,粘,N1,NIÊM,11,1410," ネン | も.える も.やす も.す"
894,悟,N1,NGỘ,10,1411," ギョ ゴ | おん- お- み-"
2576,舗,N1,PHỐ,15,1412," ホ ホウ | たも.つ"
2238,妊,N1,NHÂM,7,1413," ニン | まか.せる まか.す"
2086,塗,N2,"ĐỒ, TRÀ",13,1414," ト | かき"
1340,熟,N1,THỤC,15,1415," ジュク"
837,軒,N2,HIÊN,10,1416," ケン | かしこ.い"
87,旭,N1,HÚC,6,1417," アク | あつ.い うるお.う"
283,恩,N1,ÂN,10,1418," シャ | おろ.す おろし おろ.し"
2178,毒,N2,"ĐỘC, ĐỐC",8,1419," トク | あつ.い"
2152,騰,N1,ĐẰNG,20,1420," トウ ズ ト | あたま かしら -がしら かぶり"
258,往,N1,VÃNG,8,1421," オウ | おく おく.まる くま"
2145,豆,N1,ĐẬU,7,1422," トウ"
1556,遂,N1,TOẠI,12,1423," スイ | おとろ.える"
2379,晩,N3,VÃN,12,1424," バン | ひ.く"
659,狂,N1,CUỒNG,7,1425," キョウ | まし.て いわ.んや おもむき"
646,叫,N2,KHIẾU,6,1426," ケイ キョウ | きみ"
531,岐,N1,KÌ,7,1428," キ | よ.る -よ.り よ.せる"
2551,陛,N1,BỆ,10,1429," ヘイ | と.じる と.ざす し.める し.まる た.てる"
133,緯,N1,VĨ,16,1430," イ"
2293,培,N1,"BỒI, BẬU",11,1431," バイ"
1555,衰,N1,"SUY, SÚY, THÔI",10,1432," スイ | かわせみ みどり"
2041,艇,N1,ĐĨNH,13,1433," テイ | し.まる し.まり し.める -し.め -じ.め"
729,屈,N1,"KHUẤT, QUẬT",8,1434," セツ | くず いさぎよ.い"
763,径,N1,KÍNH,8,1435," ケイ ギョウ | かた -がた かたち なり"
1881,淡,N1,ĐẠM,11,1436," タン | なげ.く なげ.き"
1931,抽,N1,TRỪU,8,1437," チュウ"
2394,披,N1,"PHI, BIA",8,1438," ヒ"
2029,廷,N1,ĐÌNH,7,1439," テイ | にわ"
686,錦,N1,CẨM,16,1440," キン フク | おお.い ちきり きれ"
1351,准,N1,"CHUẨN, CHUYẾT",10,1441," シュン スン | すぐ.れる"
1368,暑,N1,THỬ,12,1442," ショ | ところ -ところ どころ とこ"
2282,拝,N2,BÁI,8,1443," ハイ | すた.れる すた.る"
146,磯,N1,KI,17,1444," イク"
1396,奨,N1,TƯỞNG,13,1445," ショウ ジョウ | かつ.て こころ.みる な.める"
2677,妹,N4,MUỘI,8,1446," マイ | う.める う.まる う.もれる うず.める うず.まる い.ける"
1508,浸,N1,TẨM,10,1447," シン ハン | はしばみ はり"
1461,剰,N1,THẶNG,11,1448," ジョウ"
1889,胆,N1,ĐẢM,9,1449," タン | ふ.ける"
2445,氷,N2,BĂNG,5,1450," ヒョウ | しるべ しるし"
1670,繊,N1,TIÊM,17,1451," セン | すじ"
715,駒,N1,CÂU,15,1452," ク | か.ける か.る"
452,乾,N2,"KIỀN, CAN, CÀN",11,1453," ガ | かわら ぐらむ"
626,虚,N1,"HƯ, KHƯ",11,1454," キョ | かれ なんぞ なに みぞ いずくんぞ"
2640,棒,N2,BỔNG,12,1455," ボウ | それがし なにがし"
455,寒,N3,HÀN,12,1456," カン | かんむり"
2963,霊,N1,LINH,15,1458," レイ | ぜろ こぼ.す こぼ.れる"
1953,帳,N1,TRƯỚNG,11,1459," チョウ ジョウ | かきもの"
348,悔,N1,"HỐI, HỔI",9,1460," カイ ケ | あや.しい あや.しむ"
2797,諭,N1,DỤ,16,1461," ユ | い.える いや.す い.やす"
548,祈,N2,KÌ,8,1462," キ | みやこ"
1125,惨,N1,THẢM,11,1463," サン セン | やま"
593,虐,N1,NGƯỢC,9,1464," キャク キャ カク | あし"
2669,翻,N1,PHIÊN,18,1465," ホン | もと"
1989,墜,N1,TRỤY,15,1466," シン | つ"
1421,沼,N1,CHIỂU,8,1467," ショウ | きこ.る こ.る きこり"
1569,据,N1,"CƯ, CỨ",11,1468," スウ ス ジュ | ひな ひよこ"
2404,肥,N1,PHÌ,8,1469," ヒ | まか.り- や.める"
1382,徐,N1,TỪ,10,1470," ジョ | つい.で ついで"
2137,糖,N1,ĐƯỜNG,16,1471," トウ | つつ"
2120,搭,N1,ĐÁP,12,1472," トウ | な.げる -な.げ"
1153,姉,N4,TỈ,8,1473," シ | はじ.める -はじ.める はじ.まる"
2343,髪,N3,PHÁT,14,1474," ハツ | かも.す"
2635,忙,N3,MANG,6,1475," ボウ | わす.れる"
1359,盾,N1,THUẪN,9,1476," ジュン | うるお.う うるお.す うる.む"
2716,脈,N1,MẠCH,10,1477," ネン ジン ニン | みの.る みのり"
1839,滝,N1,LANG,13,1478," ヨウ オウ | たか"
1299,拾,N2,"THẬP, THIỆP, KIỆP",9,1479," シュウ | うれ.える うれ.い"
557,軌,N1,QUỸ,9,1480," キ | お.きる お.こる お.こす おこ.す た.つ"
2442,俵,N1,BIỂU,10,1481," ビュウ ビョウ ミュウ | あやま.る"
2632,妨,N1,"PHƯƠNG, PHƯỚNG",7,1482," ボウ ボッ"
2534,粉,N2,PHẤN,10,1484," フン | ふる.う"
1109,擦,N1,SÁT,17,1485," サツ | と.る つま.む -ど.り"
792,鯨,N1,KÌNH,19,1486," ゲイ | むか.える"
480,漢,N4,HÁN,13,1487," カン | あせ"
1174,糸,N2,MỊCH,6,1488," シ | わたくし わたし"
1750,荘,N1,TRANG,9,1489," ソウ | くさ くさ- -ぐさ"
1853,諾,N1,NẶC,15,1490," ダク ジョク | にご.る にご.す"
2871,雷,N1,LÔI,13,1491," ライ | たの.む たの.もしい たよ.る"
2446,漂,N1,"PHIÊU, PHIẾU",14,1492," ヒョウ | こおり ひ こお.る"
350,懐,N1,HOÀI,16,1493," カイ ケ | ひろ.い"
457,勘,N1,KHÁM,11,1494," カン"
2744,綿,N2,MIÊN,14,1495," メン | わた"
1058,栽,N1,"TÀI, TẢI",10,1496," サイ | と.る"
1056,才,N3,TÀI,3,1497," サイ | いろど.る"
352,拐,N1,QUẢI,8,1498," カイ | いまし.める"
1807,駄,N1,ĐÀ,14,1500," タ ダ イ チ ジ | けわ.しい ななめ"
2071,添,N1,THIÊM,11,1501," テン | みせ たな"
479,汗,N2,"HÃN, HÀN",6,1502," カン | よろこ.ぶ"
454,冠,N1,"QUAN, QUÁN",9,1503," カン | つよ.い"
1247,斜,N1,"TÀ, GIA",11,1504," シャ"
2167,銅,N2,ĐỒNG,14,1505," ドウ トウ | みち"
667,鏡,N1,KÍNH,19,1506," キョウ ゴウ | さと"
1748,聡,N1,THÔNG,14,1507," ソウ | おさ.める す.べる"
2997,浪,N1,"LÃNG, LANG",10,1508," ロウ"
72,亜,N1,Á,7,1509," リャク | ほぼ おか.す おさ.める はかりごと はか.る はぶ.く りゃく.す りゃく.する"
2883,覧,N1,LÃM,17,1510," ラン ラ"
1041,詐,N1,TRÁ,12,1511," サ シャ | すな"
1894,壇,N1,ĐÀN,16,1512," ダン トン | かたまり まる.い"
743,勲,N1,HUÂN,15,1513," ショウ シュウ | くわ すき"
2674,魔,N1,MA,21,1514," マ | みが.く す.る"
1316,酬,N1,THÙ,13,1515," シュウ ジュ | おさ ふるざけ さけのつかさ"
1176,紫,N1,TỬ,12,1516," シ | かみ"
1229,湿,N2,"THẤP, CHẬP",12,1517," シツ シチ | つ.きる ことごと ことごと.く つ.くす つぶさ.に"
1369,曙,N1,THỰ,17,1518," ショ | あつ.い"
2772,紋,N1,VĂN,10,1519," モン | もだ.える もだえ.る"
282,卸,N1,TÁ,9,1520," エン | おれ われ"
2533,奮,N1,PHẤN,16,1521," フン ホン ハン | た.く や.く やきがり"
2879,欄,N1,LAN,20,1523," ラン | あらし"
150,逸,N1,DẬT,11,1524," イツ | こぼ.れる あふ.れる み.ちる"
375,涯,N1,NHAI,11,1525," ガイ | おおむ.ね"
1846,拓,N1,"THÁC, THÁP",8,1526," タク | えら.ぶ"
514,眼,N1,NHÃN,11,1527," ガン"
2471,瓶,N2,BÌNH,11,1528," ビン | さとい"
1003,獄,N1,NGỤC,14,1529," コク | くろ くろ.ずむ くろ.い"
1403,尚,N1,THƯỢNG,8,1531," ショウ | すく.ない すこ.し"
1957,彫,N1,ĐIÊU,11,1533," チョウ | は.る -は.り -ば.り"
1084,咲,N2,TIẾU,9,1534," コウ | さかな"
285,穏,N1,ỔN,16,1535," オン | あたた.か あたた.かい あたた.まる あたた.める ぬく"
841,顕,N1,HIỂN,18,1536," ケン | けわ.しい"
927,巧,N1,XẢO,5,1537," コウ ク グ"
2725,矛,N1,MÂU,5,1538," ボウ ム"
385,垣,N1,VIÊN,9,1539," ア ワ | かえる かわず"
1391,召,N2,TRIỆU,5,1540," ショウ | ます"
570,欺,N1,KHI,12,1541," ギ | まが.い もど.き"
2015,釣,N1,ĐIẾU,11,1542," チョウ | つ.る つる.す"
491,缶,N2,"PHỮU, PHẪU, PHŨ",6,1543," カン | ゆる.い ゆる.やか ゆる.む ゆる.める"
2307,萩,N1,THU,12,1544," シン | は.ぐ いわ.んや はぐき はぎ"
1436,粧,N1,TRANG,12,1545," ショウ | わら.う え.む"
1616,隻,N2,"CHÍCH, CHỈ",10,1546," ゼイ セイ セツ | もろ.い よわい"
1178,脂,N2,CHI,10,1548," シ"
1338,粛,N1,TÚC,11,1549," シュク | ちぢ.む ちぢ.まる ちぢ.める ちぢ.れる ちぢ.らす"
739,栗,N1,LẬT,10,1550," くめ"
717,愚,N1,NGU,13,1551," グ | そな.える つぶさ.に"
1475,蒸,N2,CHƯNG,13,1552," ジョウ | わら ゆたか"
296,嘉,N1,GIA,14,1553," カ コク | -べ.き -べ.し"
1757,遭,N1,TAO,14,1554," ソウ | おく.る"
304,架,N1,GIÁ,9,1555," カ | は.たす はた.す -は.たす は.てる -は.てる は.て"
561,鬼,N1,QUỶ,10,1557," キ"
1371,庶,N1,THỨ,11,1558," ショ | なぎさ"
2335,肌,N2,CƠ,6,1559," マン ハン バン ホン | はた"
1910,稚,N1,TRĨ,13,1560," チ | し.れる おろか"
733,靴,N3,NGOA,13,1561," トウ | くつ"
1201,滋,N1,TƯ,12,1563," ジ シ | つ.ぐ つぎ"
847,幻,N1,"HUYỄN, ẢO",4,1564," ゲン ゴン | おごそ.か きび.しい いか.めしい いつくし"
1248,煮,N1,CHỬ,12,1565," シャ | なな.め はす"
2437,姫,N1,CƠ,10,1566," カイ | ひのき ひ"
1607,誓,N1,THỆ,14,1567," セイ | まこと"
961,耕,N2,CANH,10,1568," コウ | つな"
2268,把,N1,BẢ,7,1569," ハ | ともえ うずまき"
1678,践,N1,TIỄN,13,1570," セン ゼン | いや.しい いや.しむ いや.しめる しず やす.い"
2023,呈,N1,TRÌNH,7,1571," テイ | さだ"
1703,疎,N1,SƠ,12,1572," ソ ショ | あら.い うと.い うと.む とお.る とお.す まばら"
671,仰,N1,"NGƯỠNG, NHẠNG",6,1573," キョウ | おどろ.く おどろ.かす"
2202,鈍,N2,ĐỘN,12,1574," ドン | くも.る"
1906,恥,N3,SỈ,10,1575," チ シ | たる.む たる.める たゆ.む ゆる.む ゆる.み"
985,剛,N1,CƯƠNG,10,1576," コウ ゴウ | おおとり ひしくい おおがり"
1231,疾,N1,TẬT,10,1577," シツ | うるし"
1587,征,N1,CHINH,8,1578," セイ ショウ"
1064,砕,N1,TOÁI,9,1579," サイ セイ"
2852,謡,N1,DAO,16,1580," ヨウ | い.る かなめ"
298,嫁,N1,GIÁ,13,1581," カ ガ ゲ | なつ"
835,謙,N1,"KHIÊM, KHIỆM",17,1582," ケン | み.る み.える み.せる"
918,后,N1,"HẬU, HẤU",6,1583," コウ | む.く む.い -む.き む.ける -む.け む.かう む.かい む.こう む.こう- むこ むか.い"
1875,嘆,N1,THÁN,13,1584," タン | ひとえ"
696,菌,N1,KHUẨN,11,1586," キン | せり"
442,鎌,N1,LIÊM,18,1587," フ | かま"
1736,巣,N1,SÀO,11,1588," ソウ ゾウ"
2050,泥,N2,"NÊ, NỆ, NỄ",8,1589," テイ | かなえ"
2469,頻,N1,TẦN,17,1590," ヒン"
690,琴,N1,CẦM,12,1591," キン コン | つつし.む"
2367,班,N1,BAN,10,1592," ハン ボン | おか.す"
1867,棚,N1,BẰNG,12,1594," テン | たど.る たどり"
802,潔,N1,KHIẾT,15,1595," ケツ | き.める -ぎ.め き.まる さ.く"
1000,酷,N1,KHỐC,14,1596," コク"
1054,宰,N1,TỂ,10,1597," サイ | つま"
2992,廊,N1,LANG,12,1598," ル ロウ | つな.ぐ ひ.く"
1267,寂,N1,TỊCH,11,1599," ジャク ニャク ニャ | わか.い わか- も.しくわ も.し も.しくは ごと.し"
1861,辰,N1,"THẦN, THÌN",7,1600," タツ ダ | -たち"
724,隅,N2,NGUNG,12,1601," グウ | あ.う"
721,偶,N3,NGẪU,11,1602," クウ | そら あ.く あ.き あ.ける から す.く す.かす むな.しい"
325,霞,N1,HÀ,17,1603," カ | す.ぎる -す.ぎる -す.ぎ す.ごす あやま.つ あやま.ち よ.ぎる"
2510,伏,N1,PHỤC,6,1604," ロ ル | ふき"
2129,灯,N2,ĐĂNG,6,1605," トウ | なみ"
1522,辛,N2,TÂN,7,1607," シン | み"
2673,磨,N2,"MA, MÁ",16,1608," マ | ま.する さす.る す.る"
898,碁,N1,KÌ,13,1609," コ ゴ"
1778,俗,N1,TỤC,9,1610," ソク | はや.い はや- はや.める すみ.やか"
2321,漠,N1,MẠC,13,1611," バク ホク ボク | さら.す"
1256,邪,N1,"TÀ, DA",8,1612," ジャ ダ イ ヤ | へび"
1416,晶,N1,TINH,12,1613," ショウ"
2326,麦,N2,MẠCH,7,1615," ハク バク | ぶち まじ.る まだら"
2655,墨,N1,MẶC,14,1616," ボク | うらな.う うらない"
1986,鎮,N1,TRẤN,18,1617," チン"
2161,洞,N1,"ĐỖNG, ĐỘNG",9,1618," ドウ トウ シュ | つ.く"
2886,履,N1,LÍ,15,1619," リ"
2969,劣,N1,LIỆT,6,1620," レツ レ"
2204,那,N1,"NA, NẢ",7,1621," ナ ナイ ダイ | いかん からなし"
264,殴,N1,ẨU,8,1622," オウ | うた.う は.く"
1498,娠,N1,THẦN,10,1623," シン | くちびる"
2598,奉,N1,"PHỤNG, BỔNG",8,1624," ホウ | むく.いる"
2807,憂,N1,ƯU,15,1625," ユウ"
2657,朴,N1,"PHÁC, BỐC",6,1626," ボク"
2017,亭,N1,ĐÌNH,9,1627," カク | つる"
1586,姓,N2,TÍNH,8,1628," セイ ゼイ | いきお.い はずみ"
1356,淳,N1,THUẦN,11,1629," ジュン"
2136,筒,N2,ĐỒNG,12,1631," トウ | こた.える こた.え"
2421,鼻,N2,TỊ,14,1632," ビ ミ | うつく.しい"
347,怪,N1,QUÁI,8,1634," カイ | こころよ.い"
2904,粒,N2,LẠP,11,1635," リュウ"
1181,詞,N2,TỪ,12,1636," シ | み.る"
2349,鳩,N1,CƯU,13,1637," バツ"
117,偉,N3,VĨ,12,1639," イ エ | よ.る"
1557,酔,N1,TÚY,11,1640," スイ | と.げる つい.に"
1618,惜,N1,TÍCH,11,1641," セキ | むしろ"
400,穫,N1,HOẠCH,18,1642," カク コウ | たし.か たし.かめる"
293,佳,N1,GIAI,8,1643," カ ケ | あたい"
1358,潤,N1,NHUẬN,15,1644," ジュン | じゅん.じる じゅん.ずる なぞら.える のり ひと.しい みずもり"
2118,悼,N1,ĐIỆU,11,1645," トウ | しま"
2627,乏,N1,PHẠP,4,1646," ホウ | おおとり"
134,胃,N2,VỊ,9,1647," イ | よこいと ぬき"
379,該,N1,CAI,13,1648," ガイ カイ | まち"
2495,赴,N1,PHÓ,9,1649," フ ブ"
741,桑,N1,TANG,10,1650," ソウ | く.る"
772,桂,N1,QUẾ,10,1651," ケイ"
1562,髄,N1,TỦY,19,1652," ズイ スイ | みず- しるし"
878,虎,N1,HỔ,8,1653," コ | こも まこも"
2671,盆,N1,BỒN,9,1654," ボン ハン | およ.そ おうよ.そ すべ.て"
1505,晋,N1,TẤN,10,1655," シン | あたら.しい あら.た あら- にい-"
2584,穂,N1,TUỆ,15,1656," ホ フ | たす.ける"
1721,壮,N1,TRÁNG,6,1657," ソウ | も"
2024,堤,N1,ĐÊ,12,1658," テイ"
559,飢,N1,CƠ,10,1659," キ | かがや.く"
2629,傍,N1,"BÀNG, BẠNG",12,1660," ボウ モウ | な.い な.き- ほろ.びる ほろ.ぶ ほろ.ぼす"
219,疫,N1,DỊCH,9,1661," エキ"
2948,累,N1,"LUY, LŨY, LỤY",11,1662," ルイ レイ | なみだ"
1909,痴,N1,SI,13,1663," チ | いけ"
2360,搬,N1,"BÀN, BAN",13,1664," ハン | ほ"
1473,畳,N2,ĐIỆP,12,1665," ジョウ"
941,晃,N1,HOẢNG,10,1666," コウ ゴウ | あ.がる たか.い たか.ぶる"
2796,癒,N1,DŨ,18,1667," ユ ユウ | あぶら"
680,桐,N1,ĐỒNG,10,1668," ギョク | たま たま- -だま"
1578,寸,N1,THỐN,3,1669," ショウ シュウ ロウ | す.る ひだ"
405,郭,N1,QUÁCH,11,1670," カク コウ | くら.べる"
536,机,N2,"KY, CƠ",6,1671," キ | ふる.う"
2235,尿,N1,NIỆU,7,1672," ジョ ニョ | ごと.し"
642,凶,N1,HUNG,4,1673," キョウ | とも とも.に -ども"
2084,吐,N1,THỔ,6,1674," ト ツ | うさぎ"
232,宴,N1,YẾN,10,1675," エン | おお.う たちまち"
1838,鷹,N1,ƯNG,24,1676," ダイ"
2468,賓,N1,"TÂN, THẤN",15,1677," ヒン ビン | まず.しい"
2911,虜,N1,LỖ,13,1678," リョ | たび"
2490,膚,N2,PHU,15,1679," フ | くさ.る -くさ.る くさ.れる くさ.れ くさ.らす くさ.す"
2150,陶,N1,"ĐÀO, DAO",11,1680," トウ | あぶみ たかつき ひともし"
1453,鐘,N1,CHUNG,20,1681," ショウ シュ | あつ.める さかずき かね"
471,憾,N1,HÁM,16,1682," カン | な.れる な.らす"
1943,猪,N1,TRƯ,11,1684," チョ"
958,紘,N1,HOÀNH,10,1685," コウ ク | べに くれない あか.い"
1206,磁,N1,TỪ,14,1686," ヂ ジ | しもがさ"
2781,弥,N1,DI,8,1687," ヤ ショ | の の-"
1022,昆,N1,CÔN,8,1688," コン | くら.い くれ"
1707,粗,N1,THÔ,11,1689," ソ"
2042,訂,N1,ĐÍNH,9,1690," テイ"
333,芽,N1,NHA,8,1691," ガ | ふせ.る ふ.せる ふ.す"
1404,庄,N1,TRANG,6,1693," ショウ | なお"
1122,傘,N1,"TÁN, TẢN",12,1694," サン ゾウ | み み.つ みっ.つ"
2195,敦,N1,"ĐÔN, ĐÔI, ĐỐI, ĐỘN",12,1695," シュン ジュン トン | あつ.い"
560,騎,N1,KỊ,18,1696," キ | う.える"
2243,寧,N1,"NINH, TRỮ",14,1697," ネ デイ ナイ"
1848,濯,N2,TRẠC,17,1698," タク | さわ うるお.い うるお.す つや"
1352,循,N1,TUẦN,12,1699," ジュン"
2245,猫,N3,MIÊU,11,1702," ソウ | ねぎ"
1816,怠,N1,ĐÃI,9,1703," タイ | ま.つ -ま.ち"
2234,如,N1,NHƯ,6,1704," ニュウ ジュ | い.る -い.る -い.り い.れる -い.れ はい.る"
2917,寮,N1,LIÊU,15,1705," リョウ | しの.ぐ"
2816,祐,N1,HỮU,9,1706," ユ ユウ ユイ | よし よ.る"
2626,鵬,N1,BẰNG,19,1707," ホウ フウ"
2112,塔,N2,THÁP,12,1708," トウ | から"
2522,沸,N2,"PHÍ, PHẤT",8,1709," フツ ヒツ ホツ | はら.う -はら.い -ばら.い"
249,鉛,N1,"DUYÊN, DIÊN",13,1710," エン オン | とお.い"
1277,珠,N1,CHÂU,10,1711," シュ | か.る か.り -が.り"
672,凝,N1,NGƯNG,16,1712," ギョウ コウ | あお.ぐ おお.せ お.っしゃる おっしゃ.る"
2456,苗,N1,MIÊU,8,1713," ビョウ"
1328,獣,N1,THÚ,16,1714," ジュウ シュウ | しぶ しぶ.い しぶ.る"
76,哀,N1,AI,9,1715," ア オ | おもね.る くま"
1974,跳,N1,KHIÊU,13,1716," チョウ | こ.える こ.す"
358,灰,N2,"HÔI, KHÔI",6,1717," カイ | うみ"
1389,匠,N1,TƯỢNG,6,1718," ショウ | か.つ -が.ち まさ.る すぐ.れる かつ"
318,菓,N2,QUẢ,11,1719," カ ケ | はな"
1547,垂,N1,THÙY,8,1720," スイ | ふ.く"
1255,蛇,N1,"XÀ, DI",11,1721," シャ | さえぎ.る"
1576,澄,N1,TRỪNG,15,1722," キョ コ | すそ"
2613,縫,N1,"PHÙNG, PHÚNG",16,1723," ホウ"
1715,僧,N1,TĂNG,13,1724," ソ ショ | ねずみ ねず"
533,幾,N3,"KI, KỈ, KÍ",12,1725," キ ケ | まれ"
1966,眺,N1,THIẾU,11,1726," チョウ | まち"
2111,唐,N1,ĐƯỜNG,10,1727," トウ | かたな そり"
3022,亘,N1,"TUYÊN, HOÀN",6,1728," コウ カン | わた.る もと.める"
889,呉,N1,NGÔ,7,1729," ゴ | うま"
2670,凡,N1,PHÀM,3,1730," ホン ハン | ひるがえ.る ひるがえ.す"
767,憩,N1,KHẾ,16,1731," ケイ エ | さとい"
2438,媛,N1,"VIỆN, VIÊN",12,1735," キ | ひめ ひめ-"
951,溝,N1,CÂU,13,1736," コウ | みなと"
654,恭,N1,CUNG,10,1737," キョウ | おそ.れる おそ.る おそ.ろしい こわ.い こわ.がる"
449,刈,N1,NGẢI,4,1738," イク シュク ジュク | かゆ かい ひさ.ぐ"
1552,睡,N1,THỤY,13,1739," スイ | た.く -だ.き"
1099,錯,N1,"THÁC, THỐ",16,1740," サク"
2308,伯,N1,BÁ,7,1741," シュウ | はぎ"
2633,帽,N2,MẠO,12,1742," ボウ | さまた.げる"
1102,笹,N1,,11,1743," カイ ケイ | さけ しゃけ ふぐ"
999,穀,N1,"CỐC, LỘC, DỤC",14,1744," コク | くに"
2930,陵,N1,LĂNG,11,1746," リョウ | はか.る"
2726,霧,N1,VỤ,19,1747," ム ボウ | ほこ"
1029,魂,N1,HỒN,14,1748," コン ゴン | うしとら"
870,枯,N2,KHÔ,9,1749," コ | ゆえ ふる.い もと"
2546,弊,N1,"TỆ, TẾ",15,1750," ヘイ ビョウ ヒョウ | たい.ら -だいら ひら ひら-"
2388,妃,N1,PHI,6,1752," ヒ | いな いや"
2317,舶,N1,BẠC,11,1753," ハク | かす"
337,餓,N1,NGẠ,15,1754," ガ | みや.び"
612,窮,N1,CÙNG,15,1756," キュウ ク | きわ.める"
1411,掌,N1,CHƯỞNG,12,1757," ショウ | まね.く"
2964,麗,N1,"LỆ, LI",19,1758," レイ リョウ | たま"
100,綾,N1,LĂNG,14,1759," ケン"
1306,臭,N1,"XÚ, KHỨU",9,1760," シュウ ジュ | なら.う なら.い"
222,悦,N1,DUYỆT,10,1762," エキ"
1528,刃,N1,NHẬN,3,1763," ジン ニ ニン"
2323,縛,N1,"PHƯỢC, PHỌC",16,1764," バク | は.ぜる"
2966,暦,N1,LỊCH,14,1765," レイ | よわい とし"
566,宜,N1,NGHI,8,1766," ギ キ | わざおぎ うたいめ"
2755,盲,N1,MANH,8,1767," モウ"
1553,粋,N1,TÚY,10,1768," スイ | ねむ.る ねむ.い"
1492,辱,N1,NHỤC,10,1769," ショク | むしば.む"
544,毅,N1,NGHỊ,15,1770," キ | かえ.る かえ.す おく.る とつ.ぐ"
430,轄,N1,HẠT,17,1771," カツ"
243,猿,N1,VIÊN,13,1772," エン | つばめ つばくら つばくろ"
848,弦,N1,HUYỀN,8,1773," ゲン | まぼろし"
2715,稔,N1,"NHẪM, NẪM",13,1775," サ サイ | みの"
1923,窒,N1,TRẤT,11,1776," チツ"
1551,炊,N1,"XUY, XÚY",8,1777," スイ | みず みず-"
948,洪,N1,HỒNG,9,1778," コウ | え"
1636,摂,N1,NHIẾP,13,1779," セツ ショウ | つ.ぐ"
2624,飽,N1,BÃO,13,1780," ホウ | きっさき とかり ほこさき"
1460,冗,N1,NHŨNG,4,1782," ジョウ ショウ | の.る -の.り の.せる"
2920,涼,N2,"LƯƠNG, LƯỢNG",11,1783," リョウ | はり うつばり うちばり やな はし"
2122,桃,N1,ĐÀO,10,1784," トウ | ひがし"
1276,狩,N1,THÚ,9,1785," シュ | こと"
1307,舟,N2,CHU,6,1786," シュウ | くさ.い -くさ.い にお.う にお.い"
366,貝,N2,BỐI,7,1787," カイ | きざはし"
1274,朱,N1,CHU,6,1788," シュ ズ | て て- -て た-"
183,渦,N1,"QUA, OA",12,1789," キュウ グ | うす うすづ.く"
1515,紳,N1,THÂN,11,1790," シン | はた"
1566,枢,N1,XU,8,1791," スウ ス サク ソク シュ | かず かぞ.える しばしば せ.める わずらわ.しい"
2400,碑,N1,BI,14,1792," ヒ | かわ"
1892,鍛,N1,ĐOÁN,17,1793," タン"
2110,刀,N1,ĐAO,2,1794," トウ | こお.る こご.える こご.る い.てる し.みる"
884,鼓,N1,CỔ,13,1795," コ | かえり.みる"
2867,裸,N1,"LỎA, KHỎA",13,1796," ラ | にし にな"
2488,符,N2,PHÙ,11,1798," フ | ちち"
2813,猶,N1,"DO, DỨU",12,1799," ユウ ヨウ ユ | わ.く"
343,塊,N1,KHỐI,13,1800," カイ エ | まわ.る -まわ.る -まわ.り まわ.す -まわ.す まわ.し- -まわ.し もとお.る か.える"
1666,旋,N1,TOÀN,11,1801," セン | あお.る おだ.てる おこ.る"
602,弓,N1,CUNG,3,1802," キュウ グウ ク クウ | みや"
2544,幣,N1,TỆ,15,1803," ヘイ ベイ"
2684,膜,N1,"MÔ, MẠC",14,1804," マク バク | とばり"
1655,扇,N1,"PHIẾN, THIÊN",10,1805," セン | いくさ たたか.う おのの.く そよ.ぐ わなな.く"
1969,腸,N1,"TRÀNG, TRƯỜNG",13,1807," チョウ | は.れる ふく.らむ ふく.れる"
1763,憎,N2,TĂNG,14,1808," ゾウ | ま.す ま.し ふ.える ふ.やす"
1738,槽,N1,TÀO,15,1809," ソウ ショウ | やり"
1197,慈,N1,TỪ,13,1811," ジ | てら"
1119,皿,N2,MÃNH,5,1812," コウ | さめ みずち"
963,肯,N2,"KHẲNG, KHẢI",8,1813," コウ | かんが.える かんが.え"
2840,楊,N1,DƯƠNG,13,1815," ヨウ"
2344,伐,N1,PHẠT,6,1816," ハツ | かみ"
1350,駿,N1,TUẤN,17,1817," シュン"
2001,漬,N1,TÍ,14,1818," テン デン | つくだ"
1740,燥,N2,TÁO,17,1819," ソウ | こ.ぐ はこ.ぶ"
615,糾,N1,"CỦ, KIỂU",9,1820," キュウ"
2913,亮,N1,LƯỢNG,9,1821," リョウ"
2529,墳,N1,"PHẦN, PHẪN, BỔN",15,1822," フン | ふ.く"
2009,坪,N1,BÌNH,8,1823," カイ エ | つぶ.す つぶ.れる つい.える"
1917,畜,N2,"SÚC, HÚC",10,1824," チク | きず.く"
1027,紺,N1,CÁM,11,1825," コン | あと"
935,慌,N1,HOẢNG,12,1826," コウ | つね つねに"
891,娯,N1,NGU,10,1827," ゴ | われ わが- あ-"
890,吾,N1,NGÔ,7,1828," ゴ | く.れる くれ"
2007,椿,N1,"XUÂN, THUNG",13,1829," ガク | つば"
1644,舌,N1,THIỆT,6,1830," ゼツ | た.える た.やす た.つ"
2865,羅,N1,LA,19,1831," テン デン | よど.む"
2631,坊,N2,PHƯỜNG,7,1832," ボウ"
649,峡,N1,"HẠP, GIÁP",9,1833," キョウ ケイ | さかい"
2594,俸,N1,BỔNG,10,1834," ホウ | なら.う"
2935,厘,N1,"LI, HI",9,1835," リン"
2600,峰,N1,PHONG,10,1836," ホウ | たから"
758,圭,N1,KHUÊ,6,1837," ケイ | ひら.く さと.す"
1477,醸,N1,NHƯỠNG,20,1838," ジョウ | ゆず.る"
2980,蓮,N1,LIÊN,13,1839," レン | つら.なる つら.ねる"
1955,弔,N1,"ĐIẾU, ĐÍCH",4,1840," チョウ テイ | やくしょ"
280,乙,N1,ẤT,1,1841," ボ ボウ | おす お- おん-"
1326,汁,N1,"TRẤP, HIỆP",5,1843," ジュウ ニュウ | やわ.らか やわ.らかい やわ やわ.ら"
2223,尼,N1,"NI, NỆ, NẶC, NẬT",5,1844," ニ ジ | ふた ふた.つ ふたたび"
2569,遍,N1,BIẾN,12,1845," ヘン | かえ.す -かえ.す かえ.る -かえ.る"
970,衡,N1,"HÀNH, HOÀNH",16,1847," コウ ギョウ アン | い.く ゆ.く -ゆ.き -ゆき -い.き -いき おこな.う おこ.なう"
745,薫,N1,HUÂN,16,1849," クン | きみ -ぎみ"
2921,猟,N1,LIỆP,11,1851," リョウ | すず.しい すず.む すず.やか うす.い ひや.す まことに"
2847,羊,N1,DƯƠNG,6,1852," ヨウ | かま"
477,款,N1,KHOẢN,12,1854," カン"
225,閲,N1,DUYỆT,15,1855," エツ オツ | こ.す -こ.す -ご.し こ.える -ご.え"
2020,偵,N1,TRINH,11,1857," テイ | と.める と.まる"
422,喝,N1,"HÁT, ỚI",11,1858," カツ | わ.る わり わ.り わ.れる さ.く"
473,敢,N1,CẢM,12,1859," カン | か.える -か.える か.わる"
1822,胎,N1,THAI,9,1861," タイ テイ | とどこお.る"
975,酵,N1,DIẾU,14,1862," コウ"
2530,憤,N1,"PHẪN, PHẤN",15,1863," フン"
2197,豚,N1,"ĐỒN, ĐỘN",11,1864," トン | くら.い"
1254,遮,N1,GIÀ,14,1865," シャ | くるま"
2392,扉,N1,PHI,12,1866," ヒ | かな.しい かな.しむ"
2903,硫,N1,LƯU,12,1867," リュウ ル | と.める と.まる とど.める とど.まる るうぶる"
1246,赦,N1,XÁ,11,1868," シャ | す.てる"
655,挟,N2,"HIỆP, TIỆP",9,1870," キョウ | うやうや.しい"
1639,窃,N1,THIẾT,9,1871," セツ | もう.ける"
2610,泡,N1,"PHAO, BÀO",8,1872," ホウ ハッ ホッ フラン | のり"
1561,瑞,N1,THỤY,13,1873," ズイ | まにま.に したが.う"
2692,又,N1,HỰU,2,1874," また"
373,慨,N1,KHÁI,13,1875," ガイ ゲ ギ | がけ きし はて"
2642,紡,N1,PHƯỞNG,10,1876," ボウ | おか.す"
1019,恨,N1,HẬN,9,1877," コン"
2643,肪,N1,PHƯƠNG,8,1878," ボウ | つむ.ぐ"
2482,扶,N1,PHÙ,7,1879," フ ホ | こわ.い こわ.がる お.じる おそ.れる"
567,戯,N1,HÍ,15,1880," ギ | よろ.しい よろ.しく"
887,伍,N1,NGŨ,6,1881," ゴ | たが.い かたみ.に"
534,忌,N1,"KỊ, KÍ",7,1882," キ | いく- いく.つ いく.ら"
1852,濁,N1,"TRỌC, TRẠC",16,1883," タク"
2667,奔,N1,BÔN,8,1884," コウ | ほろ とばり"
2090,斗,N1,"ĐẤU, ĐẨU",4,1885," ト | いたずら あだ"
2882,蘭,N1,LAN,19,1886," ラン | あい"
1536,迅,N1,TẤN,6,1888," ジン シュン シン | き.く と.う たず.ねる"
1438,肖,N1,"TIẾU, TIÊU",7,1889," ショウ"
2339,鉢,N1,BÁT,13,1890," ハチ | や や.つ やっ.つ よう"
605,朽,N1,HỦ,6,1891," キュウ | すく.う"
397,殻,N1,XÁC,11,1892," カク"
634,享,N1,HƯỞNG,8,1893," コウ キョウ ホウ | とお.る"
1514,秦,N1,TẦN,10,1894," シン ジン | かみ かん- こう-"
446,茅,N1,MAO,8,1895," ハク ヒャク | かしわ"
2371,藩,N1,"PHIÊN, PHAN",18,1896," ハン"
1038,沙,N1,"SA, SÁ",7,1897," サ"
2583,輔,N1,PHỤ,14,1898," ホ | おぎな.う"
2201,曇,N2,ĐÀM,16,1899," トン ドン | の.む"
2294,媒,N1,MÔI,12,1900," バイ | つちか.う"
789,鶏,N1,KÊ,19,1901," ケイ | くび"
1690,禅,N1,"THIỆN, THIỀN",13,1902," ゼン | まった.く すべ.て"
1479,嘱,N1,CHÚC,15,1903," ジョウ"
2164,胴,N1,ĐỖNG,10,1904," ドウ | わらべ"
2064,迭,N1,ĐIỆT,8,1907," テツ | わだちい わだち"
1731,挿,N1,SÁP,10,1908," ソウ シュ | は.く"
2878,嵐,N1,LAM,12,1910," ラン | たまご"
1990,椎,N1,"CHUY, CHÙY",12,1911," ツイ | お.ちる お.つ"
831,絹,N1,QUYÊN,13,1916," ケン ゲン | すずり"
2302,陪,N1,BỒI,11,1917," バイ"
2630,剖,N1,"PHẨU, PHẪU",10,1918," ボウ | かたわ.ら わき おか- はた そば"
2492,譜,N1,"PHỔ, PHẢ",19,1919," フ"
145,郁,N1,"ÚC, UẤT",9,1920," イク | そだ.つ そだ.ち そだ.てる はぐく.む"
2806,悠,N1,DU,11,1921," ユウ | ふか.い かす.か くら.い しろ.い"
1335,淑,N1,THỤC,11,1922," シュク | やど やど.る やど.す"
2359,帆,N1,"PHÀM, PHÂM",6,1923," ハン ホン | そむ.く"
674,暁,N1,HIỂU,12,1924," ギョウ | たか.い"
799,傑,N1,KIỆT,13,1926," コウ | けた"
2218,楠,N1,NAM,13,1927," ナン ナ | みなみ"
2056,笛,N1,ĐỊCH,11,1928," テキ | まと"
2957,玲,N1,LINH,9,1931," レイ レン リョウ | あわ.れむ さと.い"
2104,奴,N1,NÔ,5,1932," ド ト | つち"
1478,錠,N1,ĐĨNH,16,1934," ジョウ | かも.す"
822,拳,N1,QUYỀN,10,1935," ケン ケ | か.ける か.かる"
5136,翔,N1,TƯỜNG,12,1936," キュウ | あ.う"
1680,遷,N1,THIÊN,15,1937," セン | えら.ぶ"
1634,拙,N1,CHUYẾT,8,1938," セツ サイ | き.る -き.る き.り -き.り -ぎ.り き.れる -き.れる き.れ -き.れ -ぎ.れ"
1193,侍,N1,THỊ,8,1939," ジ | に.る ひ.る"
1259,尺,N1,XÍCH,4,1940," シャク"
2168,峠,N1,(ĐÈO),9,1941," ドウ | あかがね"
2177,篤,N1,ĐỐC,16,1942," トク | ちび.る かむろ は.げる はげ"
2331,肇,N1,TRIỆU,14,1943," チョ チャク | はし"
426,渇,N1,KHÁT,11,1944," カツ | い.きる い.かす い.ける"
1332,叔,N1,THÚC,8,1950," ジュウ | つつ"
1188,雌,N1,THƯ,14,1951," シ | たまわ.る たま.う たも.う"
633,亨,N1,"HANH, HƯỞNG, PHANH",7,1952," ギョ | うお さかな -ざかな"
461,堪,N1,KHAM,12,1953," カン | わめ.く"
1379,叙,N1,TỰ,9,1954," ジョ | たす.ける たす.かる す.ける すけ"
1542,酢,N1,TẠC,12,1955," ス シュ | すべから.く すべし ひげ まつ もち.いる もと.める"
702,吟,N1,NGÂM,7,1956," キン コン ゴン | かね かな- -がね"
2045,逓,N1,ĐỆ,10,1957," テイ | ひづめ"
2955,嶺,N1,LĨNH,17,1959," レイ | はげ.む はげ.ます"
1532,甚,N1,THẬM,9,1961," ジン | たず.ねる ひろ"
647,喬,N1,KIỀU,12,1962," キョウ | さけ.ぶ"
1563,崇,N1,SÙNG,11,1970," ズイ"
1230,漆,N1,"TẤT, THẾ",14,1971," シツ シュウ | しめ.る しめ.す うるお.う うるお.す"
2710,岬,N1,GIÁP,8,1972," キ | み"
2556,癖,N1,"PHÍCH, TÍCH",18,1973," ヘキ | かべ"
2793,愉,N1,"DU, THÂU",12,1974," やり"
2189,寅,N1,DẦN,11,1975," セン | とま"
1431,礁,N1,TIỀU,17,1977," ショウ"
2253,乃,N1,"NÃI, ÁI",2,1978," ネン | ねば.る"
1300,洲,N1,CHÂU,9,1979," シュウ ジュウ | ひろ.う"
2193,屯,N1,"TRUÂN, ĐỒN",4,1980," トン"
435,樺,N1,HOA,14,1982," かば もみじ"
2682,槙,N1,ĐIÊN,14,1983," リ | まいる"
160,姻,N1,NHÂN,9,1985," イン | よ.る ちな.む"
511,巌,N1,NHAM,20,1986," ガン | きし"
569,擬,N1,NGHĨ,17,1990," ギ | わざ"
2543,塀,N1,BIÊN,12,1991," ヘイ ヒョウ | つわもの"
1497,唇,N1,THẦN,10,1992," シン | おか.す"
2659,睦,N1,MỤC,13,1993," ボク | まき"
502,閑,N1,NHÀN,12,1994," カン ケン | あいだ ま あい"
876,胡,N1,HỒ,9,1995," コ | また もも"
2805,幽,N1,U,9,1996," ユウ | なだ.める ゆる.す"
1345,峻,N1,TUẤN,10,1997," シュン"
1735,曹,N1,TÀO,11,1998," ソウ サッ | はや.い はや はや- はや.まる はや.める さ-"
216,詠,N1,VỊNH,12,2000," エイ エ"
2386,卑,N1,TI,9,2003," ヒ | あら.ず かたみ"
2498,侮,N1,VŨ,8,2004," フ | つ.ける つ.く"
1939,鋳,N1,CHÚ,15,2005," チュウ チュ | かも.す"
2693,抹,N1,MẠT,8,2006," ユウ | また また- また.の-"
122,尉,N1,"ÚY, UẤT",11,2007," イ | おど.す おど.し おど.かす"
1999,槻,N1,,15,2008," カク | つか.む つか.まえる つか.まる"
2961,隷,N1,LỆ,16,2009," レイ リン | すず"
309,禍,N1,HỌA,13,2010," カ"
1970,蝶,N1,ĐIỆP,15,2011," チョウ | はらわた わた"
2875,酪,N1,LẠC,13,2012," ラク | お.ちる お.ち お.とす"
781,茎,N1,HÀNH,8,2013," ケイ カイ ケ"
1548,帥,N1,"SUẤT, SÚY",9,2016," スイ | た.れる た.らす た.れ -た.れ なんなんと.す"
1609,逝,N1,THỆ,10,2018," セイ シン ショウ | こ.う う.ける"
2054,滴,N2,"TÍCH, TRÍCH",14,2019," テキ | かたき あだ かな.う"
546,汽,N1,KHÍ,7,2020," キ ケ | いき"
1849,琢,N1,TRÁC,11,2022," タク | すす.ぐ ゆす.ぐ"
2170,匿,N1,NẶC,10,2024," ホウ | とき のがん"
698,襟,N1,KHÂM,18,2030," キン コン | えり"
783,蛍,N1,HUỲNH,11,2031," ケイ | いばら"
1441,蕉,N1,TIÊU,15,2033," ショウ ソウ | まこも はげ.ます"
300,寡,N1,QUẢ,14,2035," カ ケ | いえ や うち"
2901,琉,N1,LƯU,11,2036," リュウ | た.まる たま.る た.める したた.る たまり ため"
2891,痢,N1,LỊ,12,2037," リ"
2835,庸,N1,"DONG, DUNG",11,2038," ヨウ | い.れる"
2608,朋,N1,BẰNG,8,2039," ホウ | かた -かた -がた"
920,坑,N1,KHANH,7,2040," コウ | のど"
2881,藍,N1,LAM,18,2043," ラン | みだ.りに みだ.りがましい"
1780,賊,N1,TẶC,13,2045," ゾク ショク | さかん つく やから"
1092,搾,N1,TRÁ,13,2046," サク サ | か.む く.う くら.う"
2368,畔,N1,BẠN,10,2049," ハン"
2928,遼,N1,LIÊU,15,2050," リョウ | あきら.か まことに"
185,唄,N1,"BÁI, BỐI",10,2051," キョ コ | うそ ふ.く"
923,孔,N1,KHỔNG,4,2052," コウ | この.む す.く よ.い い.い"
585,橘,N1,QUẤT,16,2053," キツ ケツ"
4437,漱,N1,"SẤU, THẤU",14,2054," シン | し.みる にじ.む"
2983,呂,N1,"LỮ, LÃ",7,2055," レン | ね.る"
990,拷,N1,KHẢO,9,2057," コウ ゴウ | ほり"
1465,嬢,N1,NƯƠNG,16,2059," ジョウ | つち"
246,苑,N1,"UYỂN, UẤT, UẨN",8,2060," エン | つや なま.めかしい あで.やか つや.めく なま.めく"
1864,巽,N1,TỐN,12,2061," ダツ | ぬ.ぐ ぬ.げる"
2091,杜,N1,ĐỖ,7,2062," ト トウ"
773,渓,N1,KHÊ,11,2063," ケイ | かつら"
266,翁,N1,ÔNG,10,2064," オウ -ノウ"
2972,廉,N1,LIÊM,13,2066," レツ | さ.く さ.ける -ぎ.れ"
699,謹,N1,CẨN,17,2068," キン | えり"
2162,瞳,N1,ĐỒNG,17,2069," ドウ | ほら"
2811,湧,N1,DŨNG,12,2070," ユ ユウ ジク | ゆず"
688,欣,N1,HÂN,8,2071," キン"
2846,窯,N1,DIÊU,15,2072," ヨウ | もち.いる"
2619,褒,N1,BAO,15,2073," ホウ | はち"
1318,醜,N1,"XÚ, SỬU",17,2074," シュウ | あつ.まる あつ.める つど.う"
1390,升,N1,THĂNG,4,2077," ショウ | たくみ"
1355,殉,N1,TUẪN,10,2080," ジュン | たて"
2375,煩,N1,PHIỀN,13,2081," ハン ベン サイ | と.る いろどり のごめ"
2267,巴,N1,BA,4,2082," ソウ | のみ はやい"
2038,禎,N1,TRINH,13,2083," テイ | いかり"
368,劾,N1,HẶC,8,2085," ガイ カイ | かちどき やわらぐ"
1799,堕,N1,"ĐỌA, HUY",12,2087," ダ タ | つば つばき"
1706,租,N1,TÔ,10,2089," ソ"
2924,稜,N1,"LĂNG, LẮNG",13,2091," リョウ | あきらか"
1128,桟,N1,SẠN,10,2093," サン | ち.る ち.らす -ち.らす ち.らかす ち.らかる ち.らばる ばら ばら.ける"
3012,倭,N1,"UY, OA, NỤY",10,2098," ロン"
2729,婿,N1,TẾ,12,2099," リョウ | むく"
2587,慕,N1,MỘ,14,2100," ボ | はか"
2395,斐,N1,PHỈ,12,2103," ヒ"
2403,罷,N1,"BÃI, BÌ",15,2104," ヒ | あけ あか"
661,矯,N1,KIỂU,17,2105," キョウ コウ | せま.い せば.める せば.まる さ"
2639,某,N1,MỖ,9,2106," ボウ モウ | のぞ.む もち"
1291,囚,N1,TÙ,5,2107," ジュ"
354,魁,N1,KHÔI,14,2108," カイ | あらた.める あらた.まる"
2229,虹,N1,HỒNG,9,2110," ニク | しし"
984,鴻,N1,HỒNG,17,2111," コウ | たか.い たか -だか たか.まる たか.める"
2397,泌,N1,BÍ,8,2112," ヒ | くら.べる"
252,於,N1,"VU, HU, Ư, Ô",8,2113," エン | しお"
5728,赳,N1,CỦ,10,2114," ソウ | はし.る"
1687,漸,N1,"TIỆM, TIÊM, TIỀM",14,2115," ゼン | よ.い い.い よ.く よし.とする"
326,蚊,N1,VĂN,10,2121," カ ゲ | かすみ かす.む"
81,葵,N1,QUỲ,12,2122," ホウ | あ.う むか.える"
2783,厄,N1,"ÁCH, NGỎA",4,2123," シ | や"
1753,藻,N1,TẢO,19,2124," ソウ | あお.い"
3008,禄,N1,LỘC,12,2126," ロク | ふもと"
2752,孟,N1,"MẠNH, MÃNG",8,2127," モウ ボウ | みだ.りに"
1925,嫡,N1,ĐÍCH,14,2130," チャ サ"
673,尭,N1,NGHIÊU,8,2136," ギョウ | こ.る こ.らす こご.らす こご.らせる こご.る"
390,嚇,N1,HÁCH,17,2141," カク | わ.かつ かぎ.る"
2708,巳,N1,TỊ,3,2142," ミ"
2183,凸,N1,ĐỘT,5,2143," ショウ ゾウ | とち くぬぎ"
1961,暢,N1,SƯỚNG,14,2144," チョウ | いど.む"
169,韻,N1,VẬN,19,2148," イン オン | かく.す かく.し かく.れる かか.す よ.る"
1759,霜,N1,SƯƠNG,17,2151," ソウ ショウ | やり"
1430,硝,N1,TIÊU,12,2154," セイ ショウ | かえり.みる はぶ.く"
1979,勅,N1,SẮC,9,2157," チョウ | とり"
695,芹,N1,CẦN,7,2158," キン | し.める し.まる"
112,杏,N1,HẠNH,7,2159," アン | くら"
476,棺,N1,"QUAN, QUÁN",12,2161," カン"
1283,儒,N1,NHO,16,2162," シュ | くび"
2625,鳳,N1,PHƯỢNG,14,2163," ホウ | あ.きる あ.かす あ.く"
383,馨,N1,"HINH, HẤN",20,2164," リ | かいり のっと"
766,慧,N1,"TUỆ, HUỆ",15,2168," ケイ | よろこ.び"
1298,愁,N1,SẦU,13,2171," シュウ シュ | おさ.める おさ.まる"
2995,楼,N1,LÂU,13,2173," ロウ | ほが.らか あき.らか"
2463,彬,N1,BÂN,11,2174," ヒン ホン | しな"
644,匡,N1,KHUÔNG,6,2176," キョウ"
2419,眉,N1,MI,9,2177," ビ ヒ"
689,欽,N1,KHÂM,12,2181," キン ゴン コン | よろこ.ぶ よろこ.び"
1518,薪,N1,TÂN,16,2182," シン"
429,褐,N1,"HẠT, CÁT",13,2186," カツ カチ | つづら くず"
1187,賜,N1,TỨ,15,2190," シ"
1034,嵯,N1,THA,13,2191," サ | そそ.る そそのか.す"
1747,綜,N1,"TỐNG, TÔNG",14,2194," ソウ | す.べて すべ.て ふさ"
1691,繕,N1,THIỆN,18,2195," ゼン セン | しずか ゆず.る"
1657,栓,N1,XUYÊN,10,2199," サン セン | せん.する えら.む えら.ぶ"
1554,翠,N1,THÚY,14,2200," スイ | いき"
101,鮎,N1,NIÊM,16,2201," リン | あや"
1507,榛,N1,TRĂN,14,2205," シン | もり"
255,凹,N1,AO,5,2206," セイ ソウ ショウ | おい むこ"
245,艶,N1,DIỄM,19,2207," エン -ネン | ふち ふちど.る ゆかり よすが へり えにし"
1144,伺,N2,"TÝ, TỨ",7,2209," シ | こ た.える"
1727,惣,N1,VẬT,12,2211," キョウ ソウ | めぐ.る"
2004,蔦,N1,ĐIỂU,14,2215," つじ"
2982,錬,N1,LUYỆN,16,2221," レン | つら.なる つら.ねる つ.れる -づ.れ"
2353,隼,N1,CHUẨN,10,2224," コウ | はまぐり"
1370,渚,N1,CHỬ,11,2226," ショ | あけぼの"
1936,衷,N1,"TRUNG, TRÚNG",10,2229," チュウ キ | むし"
1921,逐,N1,TRỤC,10,2230," チク | たくわ.える"
1620,斥,N1,XÍCH,5,2231," ソク セキ | いた.む うれ.える みうち"
550,稀,N1,HI,12,2232," キ"
2491,芙,N1,PHÙ,7,2238," フ | はだ"
1446,詔,N1,CHIẾU,12,2239," ショウ | あかし"
1114,皐,N1,CAO,11,2240," ザツ ゾウ | まじ.える まじ.る"
1568,雛,N1,SỒ,18,2241," スウ ソク | しゅ おもむ.く はし.る"
123,惟,N1,DUY,11,2246," イ ジョウ"
2800,佑,N1,HỮU,7,2250," ユイ イ | ただ"
2848,耀,N1,DIỆU,20,2253," ヨウ | ひつじ"
1830,黛,N1,ĐẠI,16,2254," タイ"
86,渥,N1,ÁC,12,2257," アク | にぎ.る"
2159,憧,N1,"SUNG, TRÁNG",15,2259," ドウ | みちび.く"
1399,宵,N1,TIÊU,10,2262," ショウ | あそびめ"
2751,妄,N1,VỌNG,6,2264," モ | しげ.る"
2194,惇,N1,ĐÔN,11,2265," トン | たむろ"
5189,脩,N1,TU,11,2267," ケイ | すね はぎ"
2581,甫,N1,PHỦ,7,2270," ホ ブ フ | ある.く あゆ.む"
1263,酌,N1,CHƯỚC,10,2271," シャク"
1134,蚕,N1,TÀM,10,2272," サン | あつ.める"
529,嬉,N1,HI,15,2274," キ | く.しき あや.しい くし めずら.しい"
1752,蒼,N1,"THƯƠNG, THƯỞNG",13,2276," ソウ | ほうむ.る"
4056,暉,N1,HUY,13,2285," エイ ヨウ | うつ.す うつ.る は.える"
2376,頒,N1,"BAN, PHÂN",13,2287," ハン ボン | わずら.う わずら.わす うるさ.がる うるさ.い"
1857,只,N1,"CHÍCH, CHỈ",5,2288," ソウ ショウ | たこ"
1177,肢,N1,CHI,8,2289," シ | むらさき"
1898,檀,N1,ĐÀN,17,2291," ダン ノン | あたた.か あたた.かい あたた.まる あたた.める"
367,凱,N1,KHẢI,12,2293," バイ | かい"
3722,彗,N1,TUỆ,11,2294," タン"
2144,謄,N1,ĐẰNG,17,2295," トウ | う.つ"
91,梓,N1,TỬ,11,2301," ソウ | あじ"
180,丑,N1,"SỬU, XÚ",4,2305," キ | うかが.う のぞく"
1149,嗣,N1,TỰ,13,2310," シ"
433,叶,N1,"DIỆP, DIẾP, HIỆP",5,2312," ケン | かつお"
1213,汐,N1,TỊCH,6,2314," ジ | や.める いな.む"
99,絢,N1,HUYẾN,12,2315," イ シ | あめ やしな.う"
1094,朔,N1,SÓC,10,2318," サク"
291,伽,N1,GIÀ,7,2323," カ | なに なん なに- なん-"
1581,畝,N1,MẪU,10,2327," ライ | せ"
1409,抄,N1,SAO,7,2328," ショウ ジョウ | うけたまわ.る う.ける ささ.げる とど.める たす.ける こ.らす つい.で すく.う"
1723,爽,N1,SẢNG,11,2333," ソウ | かな.でる"
6373,黎,N1,LÊ,15,2335," コウ オウ"
1801,惰,N1,NỌA,12,2336," ダ"
2384,蛮,N1,MAN,12,2339," バン ハン"
1078,冴,N1,NGÀ,7,2341," ザイ サイ ゾク | たから"
261,旺,N1,VƯỢNG,8,2342," オウ | お.す お.し- お.っ- お.さえる おさ.える"
2616,萌,N1,MANH,11,2346," ホウ | かんば.しい"
1236,偲,N1,"TI, TAI",11,2350," ゾウ ショウ | しの ささ すず"
148,壱,N1,NHẤT,7,2351," イチ イツ | ひと- ひと.つ"
2945,瑠,N1,LƯU,14,2352," リン"
155,允,N1,"DUẪN, DOÃN",4,2358," いわし"
907,侯,N1,HẦU,9,2363," キョウ コウ | こう.す うつく.しい"
1211,蒔,N1,"THÌ, THI",13,2368," ジ シ | みずか.ら おの.ずから おの.ずと"
904,鯉,N1,LÍ,18,2369," コツ キツ キ キケ コチ | こ.う"
867,弧,N1,"HỒ, O",9,2371," コ ク | くら"
2854,遥,N1,"DIÊU, DAO",12,2376," ヨウ | おど.る"
710,矩,N1,CỦ,10,2380," キュウ ク"
1349,舜,N1,THUẤN,13,2384," ドウ シュン | わらわ わらべ おわ.る"
210,瑛,N1,ANH,12,2393," エイ セツ | も.らす の.びる も.れる"
2497,附,N1,PHỤ,8,2396," フ フウ"
2443,彪,N1,BƯU,11,2397," ヒョウ | たわら"
177,卯,N1,"MÃO, MẸO",5,2400," ウ | あめ あま- -さめ"
1859,但,N1,ĐÃN,7,2404," コウ | たた.く はた.く すぎ"
5030,綺,N1,"KHỈ, Ỷ",14,2413," かせ かすり"
153,芋,N1,"DỤ, HU, VU",6,2418," シ ジ | いばら かや くさぶき"
82,茜,N1,THIẾN,9,2422," キ | あおい"
2916,凌,N1,LĂNG,10,2423," リョウ | てる ふたつ"
4733,皓,N1,HẠO,12,2428," カン"
4357,洸,N1,QUANG,9,2430," コウ | あまねし うるお.す"
4312,毬,N1,CẦU,11,2431," むし.る"
2276,婆,N1,BÀ,11,2435," ハ | やぶ.る やぶ.れる わ.れる"
2402,緋,N1,PHI,14,2443," ヒ | ひ.める ひそ.か かく.す"
1831,鯛,N1,ĐIÊU,19,2446," タイ | まゆずみ"
2956,怜,N1,"LIÊN, LÂN",8,2450," レイ リョウ"
2820,邑,N1,ẤP,7,2452," ユウ ユ | あそ.ぶ あそ.ばす"
2593,倣,N1,PHỎNG,10,2454," ボ"
2557,碧,N1,BÍCH,14,2455," ヘキ | くせ くせ.に"
1842,啄,N1,TRÁC,10,2463," タク"
1474,穣,N1,NHƯƠNG,18,2464," ジョウ チョウ | たた.む たたみ かさ.なる"
2190,酉,N1,DẬU,7,2468," イン | とら"
2031,悌,N1,ĐỄ,10,2474," テイ ダイ デ | おとうと"
809,倹,N1,KIỆM,10,2479," ケン | くだん"
2810,柚,N1,"DỮU, TRỤC",9,2489," ユウ ウ | あ.る"
2698,繭,N1,KIỂN,18,2495," ジン | まま ことごとく"
